id,0,1,2,3,4,5,6,7,8,9,10,11,12,13,14,15,16,17,18,19,20,21,22,23,24,25,26,27,28,29,30,31,32,33,34,35,36,37,38,39,40,41,42,43,44,45,46,47,48,49,50,51,52,53,54,55,56,57,58,59,60,61,62,63,64,65,66,67,68,69,70,71,72,73,74,75,76,77,78,79,80,81,82,83,84,85,86,87,88,89,90,91,92,93,94,95,96,97,98,99,100
1000,125.74094853031892,129.81254975450318,133.05739345308064,136.62498448621994,143.69844159481738,146.0921624487621,154.9224079935158,162.4869124868886,172.937571313325,183.59912269841496,197.52757599225606,213.2216730625771,228.29146657068566,240.81389259101903,261.74295384971924,276.05721647611847,296.8745715912022,320.0582211956792,337.24234466319496,363.2747334833738,383.3533844009088,398.15349582287513,413.77348578584554,425.83404748917474,445.4530402203586,459.0673644398225,479.04075862716996,488.2577853607593,499.63916430944124,501.28205972379567,502.9917838952284,491.3596894024989,478.3687974899007,465.04266370402814,447.2451053004111,432.92862162595674,408.76541476578126,390.3968448509553,378.4344791286879,366.65894494421127,357.50352857589354,343.9392869728955,339.6800322532575,331.14500226324714,327.93366196059424,326.9588979818096,321.98283737803564,321.5436407796081,321.99392841211255,326.73669830731643,334.4504577719423,336.7519209741846,345.6709539532105,354.7248921952097,354.35044855788135,359.44761114316555,373.7568405190108,380.6346945282926,385.93013064336,392.7029197477716,407.82156286953773,421.0768946866532,427.92297973073977,438.72834494194103,451.3847908766987,471.45892501047615,482.5146593369547,505.14782232727345,507.052789537447,530.4660487272739,544.9262497748867,566.1520243504374,576.2874873353416,598.0798480508599,607.426509814946,626.127370709185,645.9322967811834,655.5015670171188,673.1486422166973,674.5475261787427,686.1428424886516,696.1355100173469,702.1936126285121,713.9951529355793,714.7847699998981,717.5351564754627,718.1132101701766,707.1283258311411,699.2125525193732,683.2142317061343,662.9957245001357,633.6339660506683,594.9811559245596,548.1466801361156,491.73243594307826,413.80248318708954,319.83338620879823,211.18144745043332,110.0124248938715,40.252692386051514,-1.3605390729195732
1001,108.88559664076692,107.72708000078141,111.30796865519572,112.52370669436444,114.5390506137372,117.0497069838077,120.62907046245091,123.95507843248124,128.5005877784631,132.4239413045287,136.19067485131714,141.32077961314215,145.61328312526604,150.7508468583442,157.82490831690853,164.77321927703318,170.02841238569152,178.9928161559384,187.35404667236338,202.56890623394165,214.565451767744,236.26033576731754,254.78386397374138,276.08788043215384,295.80711523625394,310.43079386553484,310.6709340548354,330.70795465795754,343.09490353356676,359.4241677604956,367.21976080646044,370.9967777258189,371.49566915706487,369.74038486147447,363.29881789773947,364.6380714752191,361.801168131793,356.0977463764109,363.6239974598362,370.5096048881195,395.39423109665796,420.2155422409875,426.7819612112461,424.8183271303308,424.8127236485332,419.8461449669431,425.65781975412415,442.6019771768871,453.7069922418942,469.8580296197491,483.3409067170342,498.38862293487347,511.511463898686,517.5467142201818,531.1270236590473,541.642013641434,549.9748615788997,563.8604955107579,572.0523178081362,578.5229182505603,596.8104649414734,601.4543128814078,604.3442284054648,614.6650702929909,625.4703459952569,640.0172638883067,657.8447094439963,672.2766189140219,683.717653887561,687.1570117174323,708.3773689782801,725.2455625542294,739.9526874384677,755.1741654266524,766.5221260378065,779.9801440851411,788.7458237967187,796.7472522225324,799.5125170041432,806.2134760432139,804.8396816032273,806.2859908099236,808.8943920008958,798.2980628865688,789.0712965270001,778.0317753283783,756.6352229350624,741.2507875051073,710.794898311995,666.9727241465552,615.9429896477078,557.5215770862084,480.372685069108,374.9864168921952,279.83200985347713,179.4608794155085,64.80447151707615,-35.36561567475884,-110.5655027034693,-90.45635291189247,-45.778318463678644
1002,170.18585233588695,175.75074976502023,185.79102345324654,191.99951423203984,206.66224018533572,218.8363219852889,235.52863068182307,254.37472403281106,273.76324657474066,294.5102293536215,317.5835573795414,338.6226974254886,353.22354441479047,374.16397236619383,392.361143535458,411.1505210461619,427.8363623987839,439.2333386790596,451.48486968273176,468.6665081735759,478.1618293225696,486.9341580546352,497.2521202636898,491.1516648982876,482.9282360046492,481.29898347821484,480.74404624495287,463.359064708823,454.6475255659111,444.607962870761,428.89412962003763,424.4291004395,414.14015474578764,401.85581942584,393.7929655507856,384.01383513419466,377.8456168939246,373.1535794030589,373.09973875599815,375.03039968125563,377.8214902584501,378.83669494117817,386.099653460041,381.7607992886907,384.6977079538679,381.4880401640187,380.4246816570967,378.6242362358243,371.86940676274804,370.37631027091123,372.55954013259543,365.75162005342287,364.8740835795543,363.7180308994143,362.73233406378233,366.4038903347874,366.21257617818395,376.69792647154696,385.84762128073896,394.4942768015558,406.1395515250093,424.3310662795413,436.0928800985333,457.14495052913566,476.58532556446545,494.307260007752,514.38696976722,536.1299398947482,563.1350639673358,583.7966436558199,612.3857124708148,637.786473698372,654.0557864696647,685.177894755109,706.62527511938,724.5317137584428,744.8588552732061,768.9984033833186,788.8508198749025,805.0167513668481,817.8388087811927,823.6240922449495,838.8224816841783,838.9056552490586,844.398123550697,837.047326925442,832.5151100543309,820.2851330808292,799.0833413980135,779.2009429522145,744.0498552859049,707.5409081919104,655.8586178906666,593.9646564951473,509.79205899100344,413.2645613973605,303.91701669829405,201.38615782789088,133.11207919844975,76.64955623299961,35.641093916121434
1003,118.14434767800455,117.92277412068485,123.59291818785529,129.28807872179686,138.32860225929616,150.47614030126562,158.10161823037376,170.69093088779502,182.93343665922842,200.31826753205718,209.6688965110534,226.3963748984657,239.85813150147018,253.16980587250833,264.62004214949894,281.7280002175379,295.5135398314757,317.5874328900614,342.03604971005655,360.6469669311397,374.8938665563404,383.1943614826574,392.9659828642582,413.3091080544529,436.4348939122421,457.3447933039759,469.34038542888663,473.3984092075625,475.9365339088646,467.0600120309927,463.44685920621225,448.40051252849884,443.3135464079644,440.901380507017,443.97035545564745,453.76823540173626,457.5661863549021,461.3529544631354,474.5356996332133,479.17576567286403,488.27293914959677,495.5784255578833,509.8042752505219,521.1363672245321,523.9558076991416,532.393714551339,542.6364559584002,549.9277325474206,554.3192546588033,563.5034905471294,571.0158807647867,575.727029659439,593.9222701246074,615.102242428637,627.794678702937,645.3209359138046,665.6559829094167,678.9912475737477,697.4281555215009,726.4236579213496,742.9974814446612,765.4465761269253,777.4725328883444,807.3841639276901,817.3926096610986,840.203617179368,856.2320316933659,875.9656968078116,907.0167574872728,923.4257941071395,944.7779198452013,966.791043979584,994.2747685912558,1020.4507136383753,1034.9646240123318,1056.7596379071852,1068.460300363467,1086.4773678391448,1089.4876539671106,1100.9457468706526,1110.7302281438056,1119.0155257473295,1112.7136821000443,1106.0814198950548,1091.1942696996691,1082.3746804247512,1053.038307253309,1025.0454111413353,977.1891273376013,929.2754185414201,872.6165333450629,799.6293430607539,716.9309350101965,623.3913608007168,516.0508694975977,401.610581088009,288.4622123259764,181.80086602358438,105.91566436924266,46.261675590246206,12.104872066868554
1004,46.385659841620885,48.81464830872084,51.31405600721788,55.644735161090445,62.061992698849636,69.7694767484794,82.12146714493922,96.54687698459549,110.62895843033782,129.9007894881404,151.30047758966026,178.96590582296832,204.30935349729904,236.11311749251573,262.82896693741117,291.0735451731321,322.10913207517416,344.80129876189034,378.07378023588575,406.0046933159999,442.63629788782765,471.6303582665741,510.14762872513836,546.1207085267201,581.3327933024028,609.2498409145219,649.3495263548489,678.7228408878889,704.0768252874557,722.6020490328444,734.128861319252,736.1043498167636,736.8968118285162,729.006061229525,711.0551307238985,694.0560386479564,673.0108433427405,653.2773613975814,633.0395338959934,616.6146024379109,604.6821550769379,600.9525855093264,607.0370978005715,614.6232833211736,622.7689334240606,632.4337078110232,648.1816521778434,664.5264534341592,674.0480766241603,686.0394221533985,690.086712190175,704.3189622962038,710.5804854829414,722.2065761301452,727.9196009110838,744.2021218023988,758.3986270899896,762.824341418692,773.8737955096411,787.680095253642,805.5065260469366,818.8475010901659,833.2878427681678,852.2479512311644,867.7923884156224,882.1004906778155,906.2655225846603,923.7967856499037,947.421509210399,968.7178299554679,999.0294639007383,1020.2851645752617,1054.7508213243732,1086.5360017547334,1111.4938550526504,1140.727209445606,1153.7612652203607,1177.8295235124976,1199.207797477031,1220.1750184047144,1238.4235816135852,1242.5785801717616,1243.455392231813,1251.4438361083655,1255.0321860956165,1238.9446393402761,1230.6900564078321,1212.1894848694942,1183.0611755341317,1150.4093673205289,1103.0034286953417,1036.451690757509,957.4214411946058,854.4308075613487,735.323989736949,581.2211599794078,410.90125195177615,249.12039341839343,131.18490448592468,33.74301458031323,-7.338287800857233
1005,102.62561995231403,107.38969800791698,111.70114528066415,120.05992277847183,129.07042160923655,144.78569662586926,157.19768829666972,173.72134292015056,190.85053985698195,205.5640036319703,219.89986054634633,238.1406154594838,257.2176199362739,275.5533742511927,291.1689908252012,308.97755047206346,334.83102110051766,353.4853617404646,371.30577306969275,401.49108248945817,422.1469376964056,444.1646792681818,460.41134010826175,466.67312983997584,470.2646776730466,473.7844592296215,470.31223922219135,471.18022251052446,464.0910600469225,463.07395631287824,454.33445294238004,439.6123465001714,431.5692669758635,425.5000037357777,418.2333676357028,413.89347313308446,411.5660926690042,409.3424152170313,414.31836285759016,412.41195889849723,416.99981228313,418.4747872313667,417.5644229911577,422.38919192720874,426.59892187459684,428.9941631100524,425.64095924830065,425.45985078291545,432.1617840689808,417.31130049971347,420.34110734584146,420.7916067741572,421.4756457008568,426.4946168978398,425.0604201061448,431.06678205806395,434.6057480863844,442.2981580361526,448.84495703352053,459.50567121761685,469.2416375067417,485.63220247810534,498.39802448549193,510.66842184768956,526.7080053810151,533.8227898072436,550.799931538502,556.8872320775988,574.1362674612639,585.1583874447136,592.7864294091142,612.0105577211314,623.8335204743053,641.8423967688118,649.1944265830093,648.8061023628358,661.6019179660365,667.030166430449,682.9793727411178,679.06704705932,685.6557810157667,683.7689056851193,686.8015176265974,687.0309655293722,690.9846600561184,686.2819698261791,676.5697926798349,660.1279089626306,645.8887479508763,626.735695338975,599.4937326481237,569.0099852639261,525.7187798178189,468.0083298731422,410.41940319982535,339.45185611960454,263.95574925071264,189.65285989854127,110.17002974486724,42.7201898155815,1.1482335336544454
1006,17.506798589040958,18.09211313155678,17.57386383274814,18.836660037779353,20.68752617011515,24.721606690827226,25.14205497718934,34.49323338076833,38.349018085929295,50.272091339857575,58.52633690935262,73.20732092288277,87.9155392782446,99.33920361571465,117.5599616065422,132.33630876679618,151.753308184303,168.83577602370778,188.80085299262714,210.45475817294755,228.02454799059504,240.5168931825221,251.43873559555348,262.75860488797156,271.4183784932614,278.1513021566289,278.6916716183358,284.506074250173,278.6883220378531,287.7504387313082,292.7426696719283,286.8367485771985,293.121446348859,285.940952083874,297.6089019128152,293.09062538157997,299.5960723538115,299.9795733132389,305.1384866998295,307.4438265763735,308.5812633804152,308.56967687925606,304.9964130161517,306.95589937855647,306.69769365881405,306.16430914887,302.8528164588086,304.5130963485463,305.7030983028659,303.46009144109956,299.1500287403573,301.5986440201462,304.9782416346711,305.8271165934669,300.82276162323615,307.2609643779093,307.9413939686255,313.11899426914204,315.46629601884786,311.25993627612837,326.0734716416471,330.9080328748961,334.5531918591046,340.89089700539785,352.31696320295765,366.09837224777544,380.32346424653394,387.56564979630105,397.391686990381,411.0548891895944,420.6695283833925,425.18011951636,444.3135544059955,440.78629774519163,455.24477754329166,466.54170537250866,473.10848581995964,478.25096350877294,483.090621112408,481.17627464157516,489.9137969238773,485.7207858309251,490.4303552412646,480.4486382983069,480.623415404277,480.5672833362322,470.24621488572444,461.8659899908324,449.7420637559392,437.3208163282346,419.05805698749015,392.13934842433054,366.54422610384836,329.05298575186333,295.6427497272319,243.85366221915223,199.9779694193397,142.9699940087992,89.32791485119544,36.28295062300915,-4.55124458545379
1007,40.94488500647656,41.50685714626489,44.87268211264235,47.3282148746344,53.53968915507885,58.946470099111664,65.58542474143795,72.84074516457285,85.69066589229958,99.39723504184298,119.09705212221637,141.94369914050884,174.81988464598822,211.35445529082742,248.2974181399114,288.9683597646689,327.4959182086663,368.21087387376144,399.2356898531803,431.45421544036077,464.60664526395504,486.4237392012486,504.9053899819751,534.5827499877154,551.6532541746138,561.3985013802437,567.7109531264092,573.9248898367131,572.642164249156,572.4199268239419,577.9627688394621,573.8403475894988,572.5613106753365,571.0709587233569,578.4877456095145,579.4275446546166,583.7588276514824,591.3887948359528,602.5284446784445,606.9980687786839,619.0889293144863,635.7532832257986,644.6836487833098,658.2575103141353,670.3801727198817,680.1855572628995,695.1095047708864,715.7875239231388,729.6874782428245,746.9931647991392,761.2024311539153,771.1751384194454,783.903678302693,801.6065191062071,806.8305060375084,808.404476748068,820.3226761816414,821.8424721303309,837.480959534035,842.4225826871443,841.9061838584984,850.3589286111013,854.5615574021615,859.6510801263108,859.70066591185,869.773030396429,878.5954951671099,880.8717408869708,883.708451803843,885.8128072635334,887.1075908217833,887.738613112155,894.2844528783621,894.9508393508603,900.7568462172791,904.155078348779,910.0609114257398,905.9030756569078,911.8033349722243,917.3827877527146,900.593685356067,907.561190351416,898.2637382571663,888.8689641919773,868.5684610994914,846.1362398910086,818.6132559520992,785.2044094976992,741.7451982616791,688.8938148967569,623.6940448789542,558.3048220944337,481.10933282278177,409.9355124676039,340.23569412939116,271.183383401017,211.4608546128551,147.14362664337435,82.0714833554641,37.63673537732719,5.752607153326143
1008,123.31349484322661,125.78387699134521,130.45059474235464,137.87843373857314,146.97508799078682,153.53928045742495,164.66059611333657,177.5910998113533,190.13919571252538,204.34461266697144,219.20521560169718,234.55297997020458,252.61555629810056,266.7576336447533,281.48790788460235,294.90926981084647,313.7060891828733,327.1296006437697,335.4598784110853,345.3960597747139,349.1596240857985,348.789225696842,349.18368140775107,349.91030613895714,345.99121060925694,337.0346447241443,327.19289954972754,329.8060235518377,318.46735973727294,308.8831966770426,306.87004584661867,297.88489370484416,296.2641758734501,292.7165029770504,289.572312954134,285.5589439125571,283.78426165348066,285.11103955897767,281.1268815266111,283.4941407314419,286.40252784779733,290.24902850194707,289.00529269579766,295.9008286182469,297.7220844979665,303.7006548491806,312.7158597363037,312.957963384387,319.5176141138087,327.8575204795528,329.357185366735,335.1467880298168,348.8098157264663,353.774721533416,359.72656338240466,373.7962706125568,386.02397432078374,396.3468012530599,403.8186960809655,414.10220861873046,427.4526042613791,447.85208683726717,459.762093824271,475.80182946372037,490.1081587435531,501.8535455083191,517.705834048631,543.9094395512172,554.7945844227961,572.1554583135602,590.9527639783435,595.593288256299,612.7524112171013,620.4936244821213,645.8969920011895,647.5185418724606,651.141202188508,657.7910076538883,657.9693358422096,656.465086826816,661.3513229585343,663.3306749356767,655.7041433738341,653.2737802917339,646.5984226463207,631.185216212869,618.869492482579,597.829603930366,572.0459675086391,543.6692737476534,509.7264661494275,464.8749845969356,421.03112195732984,369.28702133087177,307.68553502940495,248.22327633419877,188.67410527919293,124.27189393534441,71.49254179531832,19.937831639314016,-0.8665449984725784
1009,144.98620511290056,148.2033725334237,154.59200899097516,157.96799283882274,164.63245773972983,171.16894882371892,178.8660244868416,185.49200234143697,196.64339587250427,207.17807570517448,216.55792083041416,233.47548643154417,250.25474624235108,259.52713110769656,274.8610070195732,287.34565849042775,305.9628547612527,319.96280321055576,325.8142663960776,340.35555628013134,342.31278310435374,343.43982081351,348.7020268006462,344.71535368527833,344.8769414329316,337.56686642401496,330.63003436059324,323.3778976255446,312.31409998034536,301.6542247326481,291.71921539669074,283.89375201477066,275.2840839999416,270.8653317472887,276.4115659334843,293.9034222015086,309.65248943567843,333.0223622089938,351.5214701079322,368.7814074713636,382.96732516111757,396.9415070256058,415.38324513785926,427.2247637691767,444.5405460016858,458.41887112985256,468.70821456884454,476.03946558783394,482.6793572803639,499.3830876006085,510.22980386486705,520.6827368073627,535.8457258212937,551.3727999262344,563.6707568953084,584.9165496312193,608.2724618097448,625.7088282880314,645.478928964713,677.868734037488,705.8985339325451,737.0517128628951,761.7665964578398,792.075495802762,820.89498763618,852.5158120346513,880.9722648678215,903.8807750348537,929.4551222888193,967.6071130149321,993.5446433882512,1011.6974224686298,1036.7749184850516,1049.2980110326262,1069.9599617642664,1089.6235430365564,1094.0445578931226,1102.390997646467,1102.7872093041656,1109.3395773354741,1100.9597300469707,1091.9103289616437,1086.097564560151,1076.1337623724592,1053.0483392358535,1020.4769997367466,983.4914692209189,943.2810906422615,896.2770897546397,844.6465505539666,777.9119083436851,702.16824743667,628.0207337487693,531.3403909532879,431.11116544581074,314.96727146177545,187.8792303256549,76.14315571864529,22.283041267046166,-2.8582394450019004,-19.390235542503056
1010,47.022354180898,48.30641786534644,48.5709021023818,46.80484085336182,49.416970608141725,54.10729269586402,59.45735039723429,64.40071086382439,71.32810052284258,80.39976463778912,93.80119542666367,105.09002964828306,120.4596132279861,132.63990968796145,144.33849070113467,162.26896383330964,173.8060827887003,190.41227825541566,206.69256086003853,221.5791759153562,239.88060414484045,259.3133453938799,285.5530122330773,299.31075583835843,319.1264144457331,325.5214049264644,337.8579770975122,351.9266808329896,358.89117447809446,363.75071715618,356.8728799887203,358.6897120702512,354.1939292594287,348.52183713692637,338.71010550966116,329.142638281727,327.6845394400171,318.2286751835678,311.78487544388986,307.5493211562582,306.22140573163034,312.69645813746524,317.553093240611,320.0360783728066,338.7369098935517,341.3235912027032,358.6306606648659,367.1751270370413,375.62709360780553,384.8808639332718,392.68061186806756,395.681810362225,409.8888512106395,419.8175215159516,431.06591440699685,432.8309967192124,448.60573474243637,453.94526637627064,463.39357555125207,476.69354134435855,492.9720119334618,503.04772779620083,528.6070097108292,542.5800889292397,557.5135198942002,589.0242307809617,611.908580860598,634.1089857611024,657.5768357207232,679.7691062163548,709.350712388103,729.8724738237306,761.349294998228,783.7931720863982,796.0771302680073,825.7820492459598,841.6705335685726,862.9790540326325,875.3138319708222,893.9751162033018,905.308550893543,918.6418769179656,929.9286704243981,939.9356973589826,937.2790547817575,941.5047688203373,941.9567801296549,929.6373123402587,921.1457957280661,897.618921474562,867.3538695364817,816.7994903724601,763.4694134794241,690.0474988907514,599.049298964772,499.5237118553275,387.1758963760318,260.552966822914,142.21791064300788,52.17922346651429,11.991490711182639
1011,52.672017792380494,55.0024727800986,57.281583087022526,60.00070405158693,65.30140131077101,67.34363597442703,70.40640114885105,74.71350520770318,81.5485747412184,84.95900936100774,92.88969891559333,100.38304817214782,110.37758097031463,119.25677507129231,125.90537763410123,138.7997567352589,153.03834118027888,163.12091639480124,181.1905945400233,189.45698654229392,206.8072533502206,223.97624744797923,235.09322330863634,254.15519404579078,258.46572140563296,264.96593085294876,271.31154767971725,272.2732204881269,276.43711960412037,281.0112305897474,275.5182533966014,273.6242167280065,270.85604891073785,270.9843123742759,263.00702144791535,268.89291005765716,271.52176972419005,273.8914179393961,282.7502842054132,284.7767406884749,292.6969363678302,295.3626509224017,299.0337893349421,305.91995079803803,308.63091222962703,316.7859626506839,319.91155220642526,320.7915328030793,319.22975103111764,322.31509221782187,327.6657703458099,324.12858518601917,330.92971454732725,334.9209948177319,331.36565128995926,340.2204861526964,338.35767850818,340.4270504467646,342.76670866606037,349.44370591131855,356.40298258774465,363.12383680551943,367.5339566419823,371.3110805017861,382.89420344104593,377.0733806737129,386.01400282741747,408.128335053194,408.29213179295834,416.5168959876547,416.29192372183456,436.63466324911604,438.1016992649605,451.7545513909009,453.7521037831138,460.67253359875883,464.5834596066729,469.7193560970056,476.58432069123285,482.7770639631729,478.063483033144,473.26534142017925,479.269849771396,475.8744721634835,478.3996816184341,464.6196299226982,462.9646336572561,455.2202358225245,444.484581018765,425.6464347262726,408.69273770722987,389.9873583058665,366.52929753780415,329.3227056432708,293.23428213207353,241.92920269621868,186.26029190536676,113.60005246844095,40.102850160766856,-16.692492283917872,-28.61221185747733
1012,-0.8502199476771382,-0.25331241040434627,-1.0159439091578455,0.4053865584719898,-1.5812435355070766,-0.8930875608004509,1.4065498721345426,-1.4995179216053278,0.0055225455791848566,-2.25946612719459,-0.6519520848875464,12.730369816702977,30.457228818975153,46.449578869421714,64.56013370119497,83.53026756962944,107.75406625971993,130.67262311015054,153.4061254445018,175.22748547590817,195.46649072730193,217.2200566614977,234.9412262413957,259.52613785612596,281.79729212890567,298.7525867604032,322.8876787630486,340.211678669916,360.68735927991725,374.3602208435223,387.414330431817,397.646237385751,400.7882567553613,403.9578657191264,403.1626271161006,415.63613477714915,416.76614041658644,427.7460545464333,436.7327992758208,442.084482095285,450.6147108712673,451.7594379946803,451.88853575328136,456.7157352340032,463.3561371784933,467.6285183350558,473.2383776586917,484.7444187866476,487.75712704310894,497.1299612534861,506.1569853076369,511.30368023610805,527.3993025665958,539.8339640067296,546.0750151118623,550.7999763569219,563.7209655498358,575.5640570579516,587.9711359342077,593.1202052274554,601.3842875659323,614.2063815290325,620.1544584709486,627.6793476500023,638.4124326518637,641.6716796373679,646.6839434724992,657.2264407919741,662.0586392982544,667.9104171058315,678.2002602578306,673.8204571249256,679.0146736813933,682.122609722306,677.3642712681641,682.620356253696,687.1454077673854,690.8171790491322,672.1419788213897,683.3648462833835,677.4478339546807,671.3691375224563,664.4782196545674,662.7002418211089,643.4853013507918,640.6531727743971,626.7265517090711,604.7552579421682,582.5341227508175,557.4502057787595,523.5995042040227,482.8612243167155,443.72119558411697,384.03310421561616,315.1336554949935,242.5856327869664,162.829729977651,93.16543300548487,33.18052088395089,-6.3940987024051035,-24.206041275156167
1013,126.39549806257142,131.20265291908476,134.23872843874344,142.04758640556233,150.23490645321294,157.90434454656818,168.6252115668114,182.80507169991162,194.64242830541875,214.58250724316488,230.47816887856416,252.94646772655224,273.4326448302324,289.52272881848944,304.9970697465869,320.2698418191753,335.872056954938,344.29072705163804,357.71446466383946,364.792636075001,370.4109868596765,373.6415155388985,377.9460050494534,378.7855190470741,382.6682983607799,382.95497967610953,377.7568351124216,374.5748816105143,374.49645083793973,370.002192757139,363.9760151202775,359.43865864741826,351.51506236388036,341.6597122707862,339.1078842785846,338.820507471003,337.15808226449957,335.00406589838497,331.7531404307069,332.7590646163113,335.17118258430605,333.8358063516634,332.95907545385336,330.1356086739754,335.06024209227047,331.8736964391572,338.82022148476165,335.26928578763005,338.82897444708,346.13886145591744,348.6648322492153,355.1271275648502,363.7291334885893,372.99980572249456,391.46069903174214,409.1851343199182,430.2204970771089,443.62503103000387,464.6763799569876,489.3974313164869,500.4140789407506,517.992463243446,537.4869441065688,559.8687667844354,574.7105398290225,598.8110276997937,619.0845235397163,643.3887011268073,667.6818978992068,685.0197498686712,710.6038483799572,730.7283278568924,751.6092044735303,763.8494755379257,782.9397910363521,800.8504986138151,819.0095446536661,823.844448551765,837.4901102431803,854.9482265813152,858.387675808892,865.6575566830043,868.1862442944756,862.1925953204872,859.0654378823659,854.5924010971189,834.1278764968142,812.8144626748215,778.6958734747433,736.0769296515923,689.7198848473124,625.3993089456867,567.6169626979496,488.1261310405871,410.70945169712166,341.81636901720174,263.0503609724223,174.00845686440434,85.91156931550269,11.978423867062338,-27.968697101913936
1014,56.3659786679605,60.60221003509101,67.29487899401116,75.08177106899562,87.85945497293879,105.42521666966874,126.2918664133902,153.7752490134199,181.9686848724071,212.31628624300293,240.30520412274592,263.22638509181104,281.2668720591809,292.6855497323881,305.32807589512964,319.9466325776009,345.8806636021585,367.2765565318761,394.34443423915275,430.6504249918772,456.6863870664751,480.1341389608706,496.3415373892251,505.759529875239,508.0072952610386,516.8262306907704,525.4465755217027,529.5579130626551,530.796669028445,524.6371110053911,516.8645324973193,505.9891834316615,500.87594619917536,494.53018192412094,481.22979702713445,475.97107190134824,473.1987769518279,465.1472045937122,465.84226386328595,463.36837523032136,464.81352796694296,464.41409956524166,470.624385538712,470.60737701573106,475.6557800929873,481.23654751530125,487.2071403206197,486.0986551984243,495.51861844797116,507.1665742599222,514.3675520869788,522.0607918084338,528.8257134580073,537.7138908338192,550.5281011427704,562.5452921020803,577.5273970314404,578.8085417214213,595.7675061603186,604.3642203721201,622.908283998483,632.827856011222,645.8553825181413,656.004261589867,671.3655794065029,687.3525708256533,714.3034948219499,726.4819294846342,744.6712166340234,772.1119268450519,793.7554379560171,808.7989703631696,827.6308671228951,847.0342603849865,864.3650062350237,875.3933594172612,892.5424902026103,903.1964450004269,911.1367830449944,917.8611303332887,914.2187210500417,911.1197888122877,912.521240287078,902.8756524047938,891.029171671885,869.3166068198909,828.7268093568747,790.7814728931246,747.4847196506533,695.6695821641048,630.0873112043181,551.616205252963,469.95287595272214,390.1750974263714,313.0216801634265,248.04962952690266,183.65386576867343,122.03024882895697,74.55584044240558,42.46302798369358,19.99195092924914
1015,214.47691122541244,217.81712685705307,227.92190833650596,238.23902354051395,253.6072927018451,268.537567285735,288.0696547693492,310.11119540493434,329.052562452287,348.63227212185006,367.5049365364553,388.13603892126173,414.0314162532052,440.89018321194203,468.5968527782294,496.5190750716203,524.403990321544,548.2917563001308,572.3624071765653,602.5816383405224,619.5284481308496,635.4791842556873,656.4094416370799,662.056056481649,665.1300362415553,666.3849099550691,664.626619944336,658.1559992539425,658.3339844055702,644.3838097102387,639.7760932753743,639.2373280514939,623.3665099579939,615.8720915924007,600.3829766634598,593.9894201757627,590.3532493130887,591.3944971337992,592.238332305247,604.9272991875499,611.3844179381463,625.2544806497501,641.7372406622193,648.8449509418512,663.195643582981,672.341632422083,684.6561414019498,696.6118264982987,693.9251143055978,704.1438785337075,709.3848592645281,712.1894780661089,717.1572364770711,721.0984328147346,736.6539695559858,733.3470278925021,742.1768867838073,739.7813357632648,747.4259681416971,754.4995416462034,761.514664699204,762.5814946611274,776.9949567606855,790.1240324595531,796.0999944847606,794.2624586816445,792.8602971402521,817.5771315484789,834.5307605057211,836.913831581689,847.6742885135465,857.5486075957075,864.0002744537925,874.9459153023487,885.4480824693686,893.8411826068278,898.6781536879644,907.3195581004961,911.0255964921303,918.9020882439858,920.4370557173919,918.518529053822,912.663671787951,909.2616204588984,901.7894680755335,887.3438989002659,870.6280084187399,843.3022657338638,810.1091096495344,767.1918303718222,716.5190458722884,660.0345827776054,596.4251771881684,519.831924220202,437.78541504067243,346.5965969041617,253.51476115694922,166.3525994063122,97.69366337591627,45.77797813701,18.194152772097404
1016,102.91344145715054,106.84873867351367,109.43838464964897,114.73197468247434,120.09666552142338,125.20104348957102,131.77825051630137,141.6825765044477,153.18618405244493,162.64803804690192,172.01948184854874,179.17628995499612,190.12363451409732,196.51955590344215,208.1886073068128,218.75950162444997,228.34843464575556,240.16796011279453,255.27009989595396,263.4190575089554,273.5888954083081,286.1604749994776,295.15799135651764,308.4487042965734,317.331105606177,326.13826024726933,334.54682557647476,341.0158688133021,349.4745091716946,355.16425745637486,363.91337597761355,364.54177278500134,368.43304048162673,376.4458323413073,380.02885797439376,384.1861560343486,379.55121000020813,385.9087886455786,384.77859626310874,387.0977403784761,380.9111395905945,386.8512021328914,376.7169335262824,376.6062308979859,381.03217907063265,375.5447761492564,377.0148548508659,376.7430881342423,378.56416896558363,371.9493719238306,375.30599948101457,376.05851508413485,369.02580767137687,373.1249220652232,375.07812196997395,380.89845998334044,379.1886368673132,381.62081025906343,389.48117650702807,396.26787316198187,397.85247618956595,418.4710864920654,424.37325211301055,438.92048592413335,454.13251376262946,473.6921349746909,484.4774916895072,508.03381022176904,525.8292450593271,551.8357417872465,566.4121467641518,599.4003356299172,625.2575825834674,654.447145534516,672.1512274582443,693.799777293398,710.0822517386971,726.0805933994214,733.9223527457157,748.0505530731898,751.9743986351114,753.473035736072,760.1677829708095,770.4021269569629,766.3208828699694,768.0092436716509,766.7564089772198,749.8893849992812,732.1807412730677,702.2482879666434,673.7653120768148,626.5590636134002,577.2954845115041,515.3040046247517,440.6034898503019,352.77178289432567,262.29700862638015,176.80878698047417,92.7445665765695,16.76668868333465,-23.845492810834525
1017,137.17281820247567,139.29106415664606,142.27659473264342,145.9420250627153,151.2172904348147,155.83326319622878,163.68533724203087,176.03045482776443,189.02568162993796,197.6021798222843,212.90080573380644,227.29692952275036,244.95643858559032,259.33671699567316,272.1705749532352,290.23367207206854,307.37041033212336,316.14585039539605,332.9377533310776,345.5810547126099,359.6772784009474,367.83206530014354,375.70706776643976,377.8436544947829,380.64635642208685,366.48377886721994,353.32274603260186,342.17584577423406,330.4433168038014,316.7367529537323,303.25982176680975,289.4075081477304,273.8785319961447,263.20169218513246,251.562590148493,240.16360104755094,235.12719679741812,233.30714633127042,229.9360960528266,235.01226906265723,239.60259336794405,252.31094708962175,260.71497719075074,280.5651095269609,298.4912942971508,324.98512541780605,348.20822591804233,372.18776001070034,396.2727514045336,413.18091265576095,429.2041521866856,447.24313807442763,467.006737662543,476.70987528272707,496.5714993739441,504.5408522701005,526.2230663576761,537.0657325984204,551.9101234366276,568.4577382746243,597.0997644101327,616.7744358255428,633.3772133842459,658.284209567651,677.8481938714145,700.0953538219173,732.3109643762798,755.1654299800181,777.9840453474596,803.0559963572264,836.1667946043324,850.9658155518275,869.5758385496181,882.8487219279225,901.0218943980792,919.2689074343317,929.6454789120686,946.6787566774555,961.256951901726,966.3637558176347,967.2478433177021,974.0742250422335,969.2943602701486,968.248493506956,954.5206993815626,941.3395909909573,921.4647360131003,879.5220035332572,840.2756133436667,794.2885072447565,732.8612607593224,655.0181980824029,572.3247782789539,476.5795182934086,382.6276466722553,297.20902253896423,224.43319903238913,159.53997620671169,90.53413306478187,27.78685232296289,2.4183712916027504
1018,92.70319746574705,93.38479083178238,93.30723580540497,92.95470244328807,93.34999845762806,91.61802913379582,92.94622591881857,92.05238523297977,89.80109440579501,89.48796201220051,91.07878318109671,90.59544481974055,93.54968663208828,97.83111942941889,103.88923921012162,109.2428596607017,112.4833692137772,127.28151008640613,139.42385538564315,151.53863714825687,166.84701960511333,187.2764847308035,202.4887402087942,227.1653644712711,257.7951890681986,293.9393023785856,326.87078337342143,369.8108153963389,409.49773327649535,449.08959792390374,482.9000640894303,514.654940697557,543.0245470662131,563.5042374470211,585.3741966881623,602.0292577960695,612.0375490229069,622.7286152032698,628.8367257746593,635.5466898587239,634.5933805146782,640.5028982821198,647.7541607951059,651.6852413726997,655.2606607812569,667.3455180409147,675.827690449449,679.4087245914693,691.2555992886699,702.7124865758237,710.509660881372,714.0352166134302,718.9109689534545,732.1644511408898,735.3933747224964,739.7224735855734,744.7402909639751,751.5415234368331,761.1526756655833,760.7308860544262,775.4057135391064,782.9611812208167,786.659022461844,792.8325663502324,811.8991896740656,818.7919221672993,829.853789759998,836.2434333788026,838.1215017090265,848.9204565354377,860.3640719285862,876.8890827569236,887.3215795221939,908.2508675903393,923.048521216651,933.6584468693061,947.7693557020644,961.6127526317193,971.6958907113304,985.7218506608612,988.5706969651279,996.4927628929701,1003.9107386770161,1000.0407839853311,992.6102887200766,981.5753745411796,961.660313406901,936.3900206874428,899.3293538949396,851.6495789458298,795.8591739589635,729.7600952826452,645.2385292587932,554.0767123203223,463.6898819194782,362.68207049179136,268.5403846526563,166.70334985425572,61.355013514944744,-19.988457251547775,-36.649547752068734
1019,33.335469948340254,40.78786569408559,49.99585066359435,60.40194855592348,73.64911715242617,91.80785697248369,111.13807784016124,133.4817146770685,156.3380250930567,183.5970885834432,205.45193491656295,231.16669838457463,260.3070127581367,286.9379385343034,311.60091267340255,334.62921787147275,355.9791495595681,374.33022020262143,388.9367028950356,401.4239092174641,407.1352206293626,411.2410281130333,409.6437516847648,405.762764307953,398.9934207005121,396.7336852516264,391.1251455595965,380.30851272040405,368.58813359403604,363.3513498262665,356.96632561238334,349.404798552489,346.0977365081063,341.3991905658758,338.46874641396283,335.3809341520286,335.31825674445315,329.63739785317006,327.2086602823654,325.80823224126476,324.56289289474165,321.9809399213731,320.9199420568242,322.3559482026255,319.28322943270035,319.9761159361664,326.3886861461309,319.63821037536593,321.4855706536909,326.84908845784497,320.59198873404694,323.76449953170174,323.7050156167569,323.62881488120024,331.50988974243063,335.9392007065881,340.49173849174775,342.40148325947075,342.1970916970421,352.053085895972,353.56354292898175,359.35940416878617,367.47276967706244,375.77253667515055,380.39335094394335,389.39018728566236,393.32725646553945,392.14217340209035,395.3427371969755,396.46947010394354,404.87497825770146,410.3879526550728,413.34960111324676,428.26285454074747,441.09248218836336,442.70671073200856,459.7567764514369,485.3016944780285,496.0711312518386,497.9540994504699,507.9474290328888,526.5065276823283,531.8238761130137,535.5300245005512,528.9738414157974,526.7096556332498,512.4749468777061,515.0976014816331,490.9806833223489,477.0786811416075,447.5879533438169,416.7475483952467,385.52437693635306,342.29536163951934,287.1563331618299,225.42067078189325,156.28069756957578,78.59357509283856,12.639485781190707,-26.341580235640507,-35.81552399485996
1020,88.92802954605371,90.59430638563258,97.04095392932243,101.14154597832604,105.92524209886263,112.89166969619777,120.30501896542717,129.81933199227942,132.9687103064587,147.13200246740183,160.59831379583446,171.33058377813703,186.54160451050618,192.48886130522754,205.72290751386342,217.14641782493214,231.2415860896008,234.90126697912285,248.3518307842193,256.95461962063587,262.2243158529767,276.1735944326446,287.98996703455606,301.2377296016543,310.1688179352836,323.9973144465843,333.06951387143744,341.3051008650992,349.081327340812,344.48462865394976,343.012734985402,337.16631415322007,330.98094439717124,327.1967770768649,321.1112315010169,320.80650936145094,312.02296321704046,311.9342883743843,312.87403315668666,320.957093137279,327.34677809836904,332.6710095705198,344.8689996373131,353.69899072633876,366.48764854182,379.50462396684486,387.40262691845135,401.53030606407253,414.3568016912936,428.85553563106464,434.9699324996745,458.0224383779711,467.2895661506347,481.5036303125399,495.51858055745856,513.3984153656789,527.4998634426536,545.1100951423854,558.7950325002489,573.7115757140276,596.2095678475181,611.5093861083292,637.6248226361449,669.7882817578014,697.9643248248962,739.6949346435039,767.1794712067356,802.8849271525283,835.3535273744845,861.5739462910266,900.6907590059029,922.4355630609525,954.330959800491,971.2606738585506,990.1727322267465,1006.7404703002593,1027.8497834265434,1034.3506172794898,1037.9181668402732,1051.577694878516,1048.3301637154855,1050.652697577322,1038.1029631508748,1026.4377422257226,1015.9974316403857,998.0579002249973,973.607128633683,929.4067903080742,896.7620327268688,845.5358804794598,796.6941046993519,730.2403803940977,656.871587052279,582.5661751327743,491.9364662741319,405.43501413642645,307.15409781049135,211.81635925073067,128.1187375134542,64.54611217856623,17.533569793279252
1021,127.61556458478714,132.20880579414833,136.78138508585405,142.1849486072249,148.46352888748862,158.55918462923526,169.52884903138195,181.62204730404736,198.14437959791246,213.4422559779614,232.3304102556136,249.56208951400333,266.77160526483885,286.8018718446892,303.12802332386343,317.92288185081856,335.82207260059545,345.54950822401474,361.6663094220921,359.8424389321537,366.52285825772026,375.1653365192823,379.34529850357114,379.22673807279716,383.61678009188654,380.9002265854625,380.6366778792883,379.94398694824685,373.25245699021264,366.5456835356506,360.160853630138,357.4213550521392,352.0076198658125,347.4452984140584,342.55107089275066,333.4120847546778,330.1537990755108,332.87873199134395,332.84400908467643,331.18253391895144,334.8812124361028,332.37675522753824,333.9742851415317,337.85618637610764,337.89702482495295,336.9312284239051,337.72660214761726,338.33408765149505,337.82206675854724,344.34455897566363,346.917826379562,355.64675547762,364.482959643528,374.65545999204477,391.4446434800455,409.28496657914434,424.19091325427286,446.1398413304559,467.1928897423017,484.24625970364707,505.28271521764685,522.7226365378338,533.9706017394265,562.1682687255214,577.533892232661,603.4533336833441,631.3097887783454,643.3225844993309,670.3567889761487,691.8296163891315,713.3597963557027,728.57230503289,745.14554582697,764.0662841911441,787.958695041247,793.7569525882265,813.8185355396947,829.9973067523878,838.9584398067257,856.3322508653677,857.3613849898454,869.4357146077323,857.4861172506853,871.0479069870213,858.970149158473,861.2574013783001,830.2391370518404,817.8387318203913,775.6196752190881,741.7983599807571,690.203737801491,633.3366137135621,564.8508773018776,486.91684830107386,410.36536268686257,339.8124189078964,261.02302474422817,176.47307669825085,86.6525924915363,10.604552215835387,-26.84347314436664
1022,42.429573758066724,42.85516605533508,42.478031915668716,43.312123326491914,46.33572087922133,51.24719722848732,53.72561015121974,59.636159218995445,66.87508620123674,74.29231003031352,85.3115279807663,94.81019086570991,107.95898020983181,125.72112044581135,139.07886310503443,154.319714059947,171.59848476695655,185.40580738853936,206.08442516237997,227.6751542447252,248.2089602843006,267.9855959860194,287.0118415763379,308.96842626004,320.14709290420046,336.81914151625097,345.0459586685013,352.534287817744,350.09785395409574,347.9090455655011,347.0318361661676,341.2762448683648,333.89321941323215,330.4198415649272,322.1917486190727,321.0880810795393,320.6156832007525,322.4370005205928,315.67445868800365,321.3039722376074,321.19334230520553,330.5190059680639,334.1612860222658,345.1910843146995,347.58797379544853,365.02587120050663,372.5661458718055,379.54793258082805,390.57795456491726,403.9908252423087,414.9546069001876,433.0526834112194,449.1727503247185,470.33656196532854,496.52342886785004,510.1043970613704,529.5723806481826,547.535251755331,566.4668439621644,583.9788275365217,598.9814403928491,612.2631144356889,626.029940347108,634.0909528712227,643.6464558684595,653.4087402660438,674.3440629185485,688.0330090303007,707.0307560252286,726.246130501789,740.7526153406025,762.1902346209115,778.2036424028648,798.15149038568,812.1363938141712,819.2171052617291,837.7619254954074,840.4201860562937,850.650315765522,853.3498240938357,857.0893109341534,858.4221115958908,859.7624351552155,852.6169660026842,838.3412372180574,813.6443885862077,787.8066790155349,764.1153062355402,721.4566190494273,680.7206626778112,630.6925905821006,566.449876234669,503.01939253311787,423.4009493483351,342.9015527411042,246.37705051796485,155.0408988669755,74.9862687320918,10.039580014856574,-16.986697087431626,-27.465310448159308
1023,23.994074705705003,22.26918805331756,24.963227635281346,21.876236134390428,21.389825450812168,22.91959308694565,25.48853122837905,28.461251685608403,33.14677283661745,34.63145296416397,36.77640029444972,38.92256850117971,46.01343712085453,48.19267165827304,53.7245539015785,56.65896825721438,66.14913184529337,67.42909705203103,73.67565016914452,71.10828220454404,86.00690221283638,90.40252105287729,94.58726839348543,97.43883204314152,102.6660540697886,102.48816847329894,100.03313995765566,101.56448190551353,106.21754132718621,110.4103517104306,109.69973559956777,111.29087787059272,113.1692988973379,121.66626663000994,125.2004399769496,128.15935375720568,138.72577923377267,139.48591297302664,145.9420032431994,154.9239469464409,159.55059628962863,166.41795356411276,177.1304162235807,186.28204392653817,193.29033397177747,203.08157449629888,213.60263810496897,221.038289092626,228.46511521719862,228.52287271287696,238.70912876654054,245.4797994827217,255.0132634760634,261.40253034084293,275.1131376848264,281.8277379709243,295.294343630331,308.3559224370278,315.4833334658215,328.875443404749,347.0070186794578,365.0485092618776,383.950240204328,402.01265240673433,416.6634276359553,426.6665858379249,434.84077712498055,438.70444547431345,443.8780855682229,445.067941422744,457.80436113537985,457.81531819383605,464.643411064968,472.57566312270325,479.4226899159237,486.86646340321806,499.9384186767901,503.8316973638113,500.2280482580159,513.1895506828901,508.44181927588244,507.91125180978906,500.3719018047545,497.8802051011526,481.9984505180437,475.7464936054247,446.8306781604601,428.3466085593984,403.2269347175081,378.0422591766452,339.26202916801594,302.12805101968775,260.7345981338989,218.82844095079565,163.8173283686117,118.61630135268416,75.7034314151901,29.93636129117274,-12.931703018978816,-37.967840205079895,-31.099303105457746
1024,166.79050129824446,166.67997262419678,168.8164302822409,169.2279965229719,169.4969794748835,175.53362151192843,176.0952592967547,178.80442059425872,181.6923650809335,188.07926875179973,189.63873351718044,196.56000478414137,202.74667752976606,208.8265193084521,213.2229263115156,220.7570670961983,225.21049615560543,233.83981626058613,243.0091987461701,247.35323324747534,259.87482648185073,264.95748796050265,289.3760675678131,306.96365507702814,343.8245081314568,373.03257545910776,402.0634473358426,429.995035270612,450.2214830358433,458.8818865280041,467.51790610317875,468.94296632363285,469.53201365835264,471.6856154993662,476.40680483175345,476.8662426005364,479.39326196084824,489.1359039338449,490.4803388854193,483.67089126178314,480.8880652991968,472.62628587381727,473.81371508692894,465.28498976950266,466.04427647451365,479.39728851619964,480.95908913283216,485.5318233347084,485.60042778113706,486.37894431454293,497.5168243974571,493.68725460398156,499.46402239986054,507.54195995221784,509.99595095993675,514.1616421968376,518.1120445313019,520.3893835321488,525.8594120887823,543.2229504119806,550.2639607506453,563.0584344106044,576.1270164845272,576.4913294056134,585.654836761408,595.9852206248908,602.4168388962275,617.9664252573665,627.4118788376276,632.5744803759768,646.6510492419418,646.2667471274103,650.8328701969252,660.4817589615678,668.8689438095091,676.9519739968212,682.6927136306323,681.877857436079,684.5046426906625,694.9911587976676,688.3435055424192,688.9989907838435,687.2610123445032,682.5779421454458,678.3419139788034,675.809784831677,661.8248349869135,653.1839458217385,639.6088645461675,613.9396276116946,587.2205574286944,543.2469249223283,488.9461241612777,436.56508612559026,380.3227707193592,314.0509816875116,259.05580605704523,209.5982874618713,155.7631861937174,95.89423758861632,41.0723584854251
1025,174.40402757411454,175.16470680363162,174.9024750851714,174.8444547469574,175.5249783322572,176.74704610247056,176.4850972319232,177.34007487694734,174.6892733704821,176.2174283915502,174.5710811020909,178.95552459818566,182.79305611463676,181.55291019013964,180.58671611804255,178.67494607798093,174.39169892254836,166.3257694954037,143.87679296478723,143.23483371200768,178.50337532337645,207.72353712498347,231.4166468158723,245.30066185762772,255.23827649598084,252.73594502091422,256.4177893740199,249.80847311394047,252.8635607329448,247.0209782189468,255.16444408062753,269.4272012759151,276.5688765678967,293.0038047186672,310.9610128691587,327.88248995589504,342.83967244971194,340.6320879215682,354.29147459796616,363.85244939369704,367.1968272260972,371.6136056629335,396.01868932259566,403.3497056897422,413.3453624398393,416.84841564922465,411.94575932844833,419.5742602889276,417.2821599982537,421.8183621242102,440.5218470611482,456.8809085097092,469.1273402742804,478.9043497870649,502.6485759376445,513.7749313869278,531.7681453141462,546.7473409262301,562.3821403769678,580.877806701622,593.9168171903104,606.6757131381963,620.4979209314461,634.0931872332765,645.4690879472788,657.1691195298704,672.6669666705774,691.1558306214603,704.1277145506859,718.3929673147708,733.642550649467,756.4492171006801,774.9697125809275,800.7487834598668,823.253538220136,845.4537456021791,861.2239995686632,872.2224158860893,885.4610820179664,896.3242860205117,903.5409568639365,915.2453640362689,923.1151572337287,927.557322289472,928.0470125887311,923.5765883791066,911.7301980830356,899.0266698731624,879.739810235563,849.3363940460658,813.8734266314101,771.1880535927603,712.7940658815722,642.3946052439004,563.5806699899557,475.475745363304,371.8747731891377,263.6484881720505,166.30673824790435,77.79046012941814,13.769869342805167
1026,92.29428156921911,96.15823428176415,99.07557643725153,105.76234388203214,116.43996756202253,126.98565504899717,137.5121777506663,150.14222002652912,162.53397127929054,180.04265143419087,194.33567084245928,208.690456613556,226.05854322631444,243.72769846162757,257.9181884558895,274.1676820804637,289.0075590763989,302.4400204169847,317.40069981493536,334.94973219401487,355.7828333314052,378.7831833290263,389.39523729060534,405.210743347986,421.7330753061319,426.11605725204197,427.8085798550712,432.08933088557654,426.0943725629993,418.49871532799165,411.3643916482049,402.7934196208155,389.7745344164926,381.7534526629693,368.83257782741543,347.40252173393577,332.5706412764494,322.39594746554724,304.40038451958776,293.06469496599607,280.62492572836214,273.89672581266865,273.97987586184354,263.88350702262204,269.0894718098713,275.07907440074445,280.1165117675815,296.06931247483567,319.3794240022958,338.1114087033593,362.7927882522614,379.2174334333686,399.8418863265726,413.49573823180214,420.7373504133674,428.71210608275226,428.3277779308598,436.12042612178044,440.27736503073197,457.0317526955378,476.1624432034875,493.4647281738827,518.9852664193373,543.9035931563318,573.7708184833948,594.1578106535894,623.9654492237162,642.3891728204931,662.3385662138878,690.7708860943502,716.5041400585102,747.8391543960573,762.602496259237,780.8846394139275,800.6237169493011,822.8290220669306,835.2485316752613,848.3920982392311,855.0999026958759,871.3965963350047,869.6232500300135,876.348992106181,883.8176576088543,882.5455450245461,875.9966310891607,868.4836060114684,857.0894564309995,840.2675809327783,812.1668889281851,783.278175556429,749.5849908025396,700.1659557558899,639.8232285404539,561.7209779198469,471.25223413928194,360.28347759966545,242.87518765491916,142.6059219116845,60.286068195530845,4.941445536851027,-20.135308788932132
1027,52.9430929754122,56.89135964198158,61.73412902032073,65.55793872186423,70.94165423123249,81.184892225622,92.45283870607994,106.95029687282806,123.60233225667747,141.7558021427469,169.425202403482,198.6308884671946,215.29317193935307,234.26533004763132,242.1597129501876,249.72078695334076,261.01751890234715,272.71097358415216,291.1697868117862,307.24311824823076,332.2864428645994,350.2441549709394,366.2936693513749,382.5319561876555,396.3073488424477,406.9094994769699,409.06499682219345,418.7420994591397,423.2484278234793,428.2491753231641,424.27328228365036,419.24520659755956,422.666665083673,412.23082741838056,409.3322256105375,403.1147774830903,395.5476785913273,390.9132231136425,387.04241126095656,380.9014306326334,381.91170888159695,382.6892646845967,379.82361805771137,384.4599381541414,380.1562083745841,383.0057126920259,382.32842818393385,382.3998901657059,380.60286501721544,374.2224863807762,378.31223443823177,376.5765445524093,378.916346688279,384.04236802586064,388.29997286894945,390.96131207962003,396.48816198001714,408.5068901080262,412.30690098350004,429.1500987740317,447.24628063832915,453.4360237646174,473.2627231633385,496.1247588887171,515.5410311833047,537.4208095545034,544.8812869634336,577.0044146686846,597.0786016754791,612.8907022888357,630.7591052432847,647.3487475005156,656.2795521697451,665.7575057600367,682.5902573041969,693.6818887414612,703.7065955289028,716.5778287844666,730.0730502146098,748.4059313035577,759.732644420443,766.428152243531,761.2959893533174,771.792297110381,765.9388747238744,755.8645261033838,751.4798393579493,730.4158485342874,711.4520085685579,684.7167905469425,641.8476645047501,601.6103786710221,554.6516939824513,493.4359446295868,425.1160596995347,345.37631149712126,260.9450743472206,174.32907089141153,90.20000508387396,24.294569801020977,-12.68326492243138
1028,46.744834420787335,46.20637122254484,45.973321379299925,48.203350497363,49.44432736152262,49.267007317281106,49.31703678686479,52.7547957269787,57.48125964181743,61.424420375787015,67.10194754261136,70.6021337469746,78.36426484101744,87.05568192604018,96.56731037321171,106.71465936770129,113.55752205146432,126.49764750206978,136.74808390351944,157.22935394465372,169.21974523572496,197.53019336109008,216.5762316280416,244.87122814884046,259.7347422229798,278.42973405219675,291.99379685328086,308.5500722257204,315.4252989814253,329.5327171743958,336.53124644938487,340.18811093944385,343.6058006447963,348.2681928207354,350.5792619242859,355.3612220541035,359.07037166282237,366.5898274686679,371.7500005390505,375.38302594060804,387.14309778149317,398.6347905239979,407.19030051992115,422.5748811104907,434.92267668676925,451.612782032101,463.28874114510586,480.8749533105076,495.07160091428744,508.8310186648711,522.4545659162875,533.5803690272487,549.8809767031797,559.1798447820951,575.7765872107065,581.2530940836283,590.7932581939218,601.0449223314195,615.3130131718574,621.6690011023837,631.6501052463507,640.7036403299517,643.5625807852451,654.1967222801277,668.472457065714,678.6771986278417,691.2056791436735,705.280843505991,721.6905584689781,736.0627027344116,738.5956272406579,749.0972495699507,748.1372044282418,760.0450656407963,753.8847904204513,754.9602059566199,764.6331244551018,752.098957798402,756.2600414845797,752.3983708621103,744.9350612494198,736.8111838801339,725.5035070331897,722.3303706095131,717.0522804202047,696.156286295863,674.9619302885857,653.8861426067907,632.4420270616896,593.6755099165989,554.049355422206,515.9899756591002,463.1753218405824,401.5886630587075,340.16133002970355,273.3338332669902,209.1851188912234,144.37492651956308,75.20151398995696,7.026368620204242,-22.859785638891733
1029,32.23896628241862,35.084831761465885,33.519625280637236,33.23478618812416,36.15972637205524,39.40597306494112,44.40991004198103,46.82830310343012,53.43102584245267,62.48423015860323,68.99080638536205,77.38146386558259,85.96762531135556,98.30930515533086,115.39869476130654,132.38526742008045,146.36383836411275,168.48661644318267,192.71694458085764,215.5366296646145,243.91164590112092,270.62713015788347,306.7294214203757,337.8550124820417,366.1224647444896,375.7463556662525,389.2727233572313,392.3568299936111,395.31861343138405,395.7461836266901,397.43847194714186,399.4923827128358,396.0579101506875,388.74876225324,383.63603537128057,376.113583573353,382.64330579185696,382.4874554602426,396.94079009134737,405.6386898643467,415.9298718904337,431.96979057791907,438.282106108672,451.7971107624667,463.4165361663244,472.9248947870067,479.74196963971633,489.16773401703347,493.81127741045395,491.2384824630203,501.6027271633651,503.59488175220145,507.54853757123277,508.7474574921703,514.3608543828275,520.8254757179203,522.0517284168832,525.5478679109199,533.5162389483589,539.1082662667992,543.4833162963569,546.150138854676,553.9861598869661,565.4212470728203,571.2030492157909,579.3408044360654,583.9584857101207,593.918996031693,602.7184753192596,616.3371108881104,623.360565697797,624.1495997037556,626.0311211317124,627.4457094173056,633.9028011167287,630.9615402049936,636.0499249326865,632.8158307067463,630.7110842201624,628.7583122135304,623.5464071764679,613.6160833809698,618.3534548112174,605.799101385368,594.9472857023629,587.3426810316199,565.0260864011723,540.3819593451501,519.7237988339398,486.401909502941,457.4874267346821,412.067437582964,372.49148416952903,326.8501584524805,272.52019564208445,226.27782331205975,173.41884359966983,124.27328109308837,68.89723157812517,25.028561521978702,4.014965929183728
1030,60.888260415727316,64.43931392164065,70.27662869575362,78.57314525461354,83.9867031806562,93.84846466917305,101.40130301897945,112.32833760601189,126.1334459724442,142.23587800359678,155.36917169183954,175.66471206985705,194.09271970877464,214.7338239127131,239.95725001266487,259.6024057578857,276.42727807764993,299.66989129820547,317.6923661628573,338.79582732449506,363.58812070950023,389.1417384540336,413.2796954133865,433.3206912822764,447.6206607893496,459.1772025636749,463.50111932578994,462.25432936526704,473.49483769672355,469.5027435927383,474.03616905004804,464.8805882392316,457.8236215685366,455.7812188922072,459.0541846987249,454.75672767522803,451.3672467919206,450.98416521792325,441.4236118458319,445.1885586347369,442.55706203511977,446.5336182926424,441.7405772862699,444.9345139478732,444.18793899199625,449.3747224644659,449.3974738299885,456.94832323437447,461.8303170913802,470.23330026231974,477.3117679782153,486.4338128691633,490.42145017052746,493.1258983966814,502.4250253199779,515.704857127408,529.1334525684482,536.8462510936102,554.3206745626255,569.346651237273,583.0841600254543,593.3057550356829,600.9905444950409,629.375299846597,639.3399371806604,653.7392602785093,665.2575354276787,690.4288594336468,708.1332311710746,720.7441446527811,731.6252117007565,759.019858423421,766.8663356290082,782.6484297326003,795.8807690397729,802.166097425184,816.9924302430023,819.157203041066,840.1147035015662,836.4750508604689,840.3945076534801,839.4785030069157,839.2412748621634,831.7565243498659,821.8182544184293,802.9733410055775,788.4916530313427,766.6214271307621,731.4744716714747,697.7436255338445,643.7535995829917,595.5838234597192,531.3902541538196,458.90078032656163,382.1038475058554,305.9838422390047,224.87671231363606,149.2706206008572,76.64912859578429,19.222560675787904,-0.3312511703993426
1031,96.6565273700941,99.56900137512946,104.1923080534574,111.53497598125128,116.45657787484865,125.92290249728465,138.05487670847927,151.04176586783666,167.7506921662094,186.77311012447214,206.1142488140196,227.52127334731324,250.38312655366613,278.8766351614533,307.3720065736403,341.13919596488415,374.25264826917976,411.518818929983,440.56800071384214,468.3166146734298,492.30150218991025,521.0475669862162,536.7873419228739,558.6273537421293,572.8143869582738,584.9114584822171,595.9595592758077,589.3695571359624,583.8298397686725,575.3369704109424,569.3901215842766,555.5276394418862,546.1117360719898,528.967309058157,507.5294514082228,495.9876989750078,479.63046751977953,471.12217728024865,461.2310044737658,458.14480771944983,450.77829839982877,440.3592497324919,439.57265806355866,431.2504785435828,429.82321366647557,418.177027218712,414.25194782466434,410.63236287730734,412.20306367181666,412.71975577156405,413.32246565077264,422.5501981094473,424.29733564513947,432.545297102231,446.4290480463397,455.1947191879472,463.4140497914742,473.12023211613644,472.4276998298074,487.0692304035231,500.9128875245051,511.76484758178583,525.6604669488732,534.2694250142494,547.5565818394199,561.7371625699965,582.2400867604346,599.7907990662824,621.1938516104325,648.9597343052592,680.3973593278206,712.9341597367845,743.5954385102991,777.0271593286493,815.2080987134661,846.8483893224244,883.8738508205552,913.6528832336188,935.064600609073,964.1287163847632,990.5694598158827,1006.2499891742356,1015.5492232300044,1032.2395810753105,1017.4260107793514,1013.2024061551962,988.2719094404717,963.3411702648481,927.1339031774831,876.022841655364,814.2485115701182,744.7045704399203,666.1634784515885,582.0305436376323,487.52067481199225,391.0728483841573,289.5592119000242,183.28905845920414,82.77145015175512,8.537131000552167,-9.82204035557487
1032,129.72028914660353,129.75699071807188,131.94460948630643,136.44475430030084,141.08461687505627,147.20082694991223,154.54235469053208,172.00550021845402,184.23903217417762,204.08514832322575,220.2999511563556,239.13156130352655,253.20065706598962,270.58022995708484,290.5623884582605,303.44332104861684,323.39206384026767,340.9719858362027,361.3536992100256,387.4693184972003,412.46090777387354,446.4757814701841,481.7635583527857,516.9310233172298,547.4338736352341,560.0999618098901,564.7473713105167,561.7852237311732,556.100513083784,540.7826716975387,520.4191153586848,498.7769382079284,466.9842113789579,437.275846151436,410.5884610573938,380.5561032933701,361.4037060166557,350.12402029756413,336.39408904592403,335.39889153169094,336.7163028253448,346.4345351504019,350.48497049906666,352.1626563290659,361.0253307163286,365.8080504582106,366.9395883869056,368.13779044957664,367.92626964894515,368.69732230040165,371.44659096536617,378.19933091441544,399.7401920269257,430.5171613549788,459.5286591518379,486.31868451223215,508.6457677129258,521.6185462393845,532.0032009048341,547.4166155577441,558.5356797162833,565.8304573071174,596.3562833499894,613.1038505013047,633.8342098763787,671.2973350418564,690.9485557835229,722.6705120859302,753.2548568005684,785.3872362899556,810.7510355399152,837.8301833315044,857.8005734979971,876.8586495909144,888.8264250500936,900.2196432359651,911.7909169642323,922.5817504204914,931.4359445221393,934.0653737659309,930.6892222462518,932.5785094181979,936.6564359752659,921.9370830981753,916.7046691291384,910.614218132186,892.5163484776489,872.3256515980858,850.005235554242,816.33163920085,773.1137774545145,719.758066564753,656.7000272308056,583.2312786742323,496.0745382898215,409.38701368033577,316.67692140784095,220.5127014518913,121.14514078825952,41.03317683826189,2.8383631442756116
1033,59.74683689903029,65.90818361265983,72.82808837446257,83.9565833973135,93.96132757012043,110.57553487321495,129.94513459253244,152.59975882289336,179.27996092721702,208.21249395545524,241.02894714698266,273.0623784766764,301.29762071215634,331.39273946935333,362.6378152274117,393.0445242002229,426.6687560980915,466.92633397501936,500.30772959300873,541.0241959845677,571.9630062671495,599.794797091482,618.838557929446,635.7437818649762,646.069285524395,654.411309733886,661.4270380724394,668.0558858819597,655.2542835667005,653.9613511963529,642.7364638487204,631.2098731382318,624.1703602328404,620.4895402905736,615.2922276361335,615.7149826433943,614.6849330679482,615.2786294212783,619.6801002360445,621.5518782608669,629.8976668437055,631.3639367962356,643.1664061961467,655.9239401364157,662.2444274677981,666.8776074268956,675.2503510187729,681.8557603364579,686.1761479604301,692.8692488164336,691.1900264582763,693.8330230462278,696.2175195398775,699.394371258257,707.9027398207858,704.2541204302631,713.8582340394049,712.0565173773207,724.4243203105708,722.631503135131,731.4582667131227,735.9727521447041,748.5867343307477,764.2457574096699,771.0817499138941,784.7114425687697,802.9769781384601,809.5379580927106,822.9999316882187,833.9970882463638,846.5020739807104,851.8650828519133,874.7191071495101,889.0040363088216,888.0382433149559,894.4918624153447,903.0073429490153,898.1912193365529,911.1251842650746,906.1544187328919,902.6167923335814,901.5994703985497,901.0772469359689,889.413772822253,872.3950915293404,857.5285888347789,837.7019760166365,817.8481400569652,786.0102630013178,747.017975660624,700.3182842826178,651.7810235554483,591.6147854689598,530.0937764174134,458.02387295756427,379.01857806229486,293.06268220110377,198.3770314464158,115.025050106557,42.23890469637575,-0.8599073457891246
1034,80.15629084578778,83.14353054138982,87.40518681068663,95.5755425203513,103.15354326566327,115.40647474420552,127.6950694440576,141.226166477107,153.60793518887874,169.7413766541316,185.23180932308907,199.12211458818595,213.25535405788494,235.27820916194423,253.19383709416869,271.5485000501691,288.0601770897225,307.5435677154652,325.8598838484878,337.4525822787703,349.9704624876321,361.7161597359271,373.3931916368368,376.5947519477884,375.69464625977514,371.8689007929843,373.2602964744631,362.24689898761693,353.6806499514693,352.2621884663407,344.2730690703836,327.39321481102724,321.6758421569431,312.82548665879494,308.49248688303857,296.7005093127788,288.6262649020056,292.1049866492254,279.3430722008751,278.85633954782384,273.4771580888914,270.17958101298115,269.7045823268838,264.7416107767578,263.5576542158876,261.90307110249194,262.29468817780287,260.1349763353598,257.00022876086354,253.44269687874998,250.19396465787787,242.32731211765963,240.44871485853173,242.75994684338323,236.05407015177025,241.12251838752906,230.21679028652653,233.68981377521064,229.1681640345815,231.38712418457,232.2135222726081,241.41874886058554,243.40738788014536,245.22759583080503,253.9140206371134,263.57277066444504,271.46004885942307,277.19019402833305,299.56431684440884,311.3806066413637,329.8295329127031,340.6922686119838,358.8109672435429,372.8310042215752,385.773391430323,392.59454490142065,414.33051859508214,417.45692541349655,427.4713475688539,448.1279914021474,461.453001762203,476.357580008018,488.6996244143059,495.4164419928824,502.85119493277745,509.98360405674674,508.0071570298356,516.6890966058937,513.8895942880027,501.5838908992469,497.2099865746389,488.0440258723782,464.3193835774837,431.6333718904323,390.7097552116064,331.0599398311722,259.8357951872628,174.14348564540282,89.8144666627681,20.54067672521858,-14.948939830391229
1035,97.31213323663017,106.20524084856272,120.07504054632095,135.26280853499995,141.55458800516774,142.09489394271117,146.68977498787245,163.25842055501352,188.6820400198332,217.64688148705875,238.1487738429915,246.63739282829764,258.0483880832346,277.73890192178663,317.666871597139,358.9788242607864,389.761630552442,416.7319384255327,438.60461631019905,472.103849010471,502.0810809837023,532.8877815865517,554.0878757310905,559.6292346861727,568.9846180746587,567.1273000947008,575.0937058261827,582.3079656846579,578.4756902387454,564.3708468033179,540.4691104740534,517.5506864641962,508.4243899838837,504.0697682881171,497.21191434559165,496.4426563664154,487.72683927141117,480.8385341204242,480.34407503992827,485.47416158626754,497.0500637629584,499.67612111172593,498.876551117573,493.57079941117246,495.30640840600466,505.49264269247726,512.9764118263288,519.5001226641361,515.074717149454,496.1022761802908,493.3727073362939,503.3391577322011,517.4665430605721,518.7507351811965,515.8026764317145,502.7109257644527,499.6112250347809,509.4058467049088,526.9248600736905,532.1882529183702,541.1797201685681,540.6706472671456,552.2414910704442,568.1350940713643,596.983581816764,617.7611703747218,638.8873362141992,651.5609510809347,661.60038502474,687.8038952995103,713.1666796957309,745.4388318500514,766.4459727276185,772.6156345978042,778.296245876204,796.9880027459736,816.160629129045,829.452874431627,848.4272250134458,845.1160024865776,841.2260542961094,839.7610251937447,838.9799171944635,858.4916915821555,856.7077022825081,821.7293552370078,792.506221657289,757.3996351610134,727.928728509829,689.0771325896814,634.4649601492958,564.8276045799322,483.4528783503786,409.6672184800899,341.1100086776561,267.85480132831367,178.41128211685051,81.03619722223497,18.766354584549152,-12.643102438234283,-29.833260979577634
1036,46.264238599136725,50.60624856236303,56.01059379598715,64.04434145670348,68.81697628932437,81.22826950273,92.96461926967454,104.79828325770451,121.28376212675228,136.71362790483718,161.05133645867667,181.84895901874603,204.95223210620162,232.68325982696928,262.53736037997805,292.7003327643243,325.86459640680164,358.25410541632743,395.16757624239244,424.65316110826467,450.34372198003774,470.92682062759576,488.18407164055344,497.90111074359,501.1536678167422,507.1526353328083,516.2347905564754,516.1238589221822,518.4898454001899,527.0217247847444,525.7640698837702,526.2208965141139,521.9988507842776,515.4597457281692,510.7634590342255,502.1969427891306,494.95712117727527,488.2627365485212,486.9731161658306,477.1578420097322,467.9354238162424,461.73029317979996,457.3404871969437,446.9777141291336,446.5442373189271,443.2487657215545,438.6261533010228,437.5618797823647,434.2133435384627,437.2336904176389,434.85771184939944,434.20317312703946,434.71049102960586,439.1916401709133,438.6070774109219,438.6049613604554,446.6351903119265,448.1293839143326,456.8059298371495,465.23939771380293,465.24382593268825,477.327919825242,483.2492369730278,488.1616230610794,494.63371254781197,498.94991057984424,503.0729992646651,515.0219174347811,522.2389358279507,532.223337758444,539.608681964294,555.4075508932144,566.7395868057706,578.589180299704,590.6217792634718,598.7950194143338,608.5055684879669,624.8499165922819,623.7032564911332,643.7210618577265,653.1487314214447,653.0554635371716,647.3793158242065,655.9954906243102,650.1867888453529,643.5650462898102,637.6348671368509,628.6467681043102,607.9303397344739,581.3624742534091,554.560215789971,519.8342199675421,478.49299626222046,425.42219873699185,362.3954643672524,279.52248318790686,182.49298065318143,90.2873012817427,18.08567319465816,-14.146069590894031,-18.72157781650631
1037,79.04571357067974,86.42019397199864,93.32464546436674,103.81514736537525,112.20098201014406,121.90184223925816,130.64197891575472,141.9152637833761,158.92863348678694,163.28477145258705,172.43743873191693,176.18121040526447,178.48047821889267,183.24172877117383,185.1592517517422,189.87731899039008,193.48256812856528,193.46768501242724,198.53478069276335,200.126165522835,204.17010294317768,206.29930526184992,213.2101146817784,223.49269298316335,223.4130426373344,228.97658364795075,238.27969900302193,249.16026380794798,259.0332977129043,267.1133102466016,271.0410069361113,273.7376476997287,277.04688566617835,281.4116335299384,281.07841364249475,280.3999001233813,276.08599530195227,270.92864417313933,270.4774741001668,262.9981745679404,266.19894699550883,263.5381746749803,260.487650649421,265.7401470350457,270.316292357869,279.27913026184234,294.09026174262584,306.2237413101746,316.809768763644,331.6892648886159,338.4330141321078,346.09087335650673,360.37906705502957,372.38707315453127,385.7585882774985,391.2667067396471,387.6619523913398,396.5444830277219,397.68507987452426,406.8533814040064,409.95000674074436,421.6770871955844,426.8964845108538,426.1300799893324,430.3833347451314,452.81909244437156,459.04803511847166,471.57846609956346,473.2430833479194,480.7499764106645,505.3886107318205,510.5379500533493,528.9884347708278,540.3681180310714,549.4265417518087,561.2797424618689,565.4861231832206,584.9897643297444,585.5677563241252,582.5353430773648,581.0836266137026,578.3348409718151,571.935312265262,564.867810997328,559.0471400929509,544.5153875296255,522.1434398835981,495.12187220441103,482.1132684730913,448.5583160834452,411.4510830057477,376.970679303595,326.3939898601927,276.78002627896535,221.46674036762388,155.4198004574985,90.91152982500321,26.80120065166996,-19.565502868725428,-33.94479405048628,-29.520997359999157
1038,164.4106379269107,167.83803350759925,168.1886333190813,169.5249412524105,172.51265018262217,172.25582865796855,175.8068363610163,179.69599529241034,182.313271444404,185.17571759283652,189.09703087607136,195.01898182998005,201.43570939827308,205.10473940076082,214.57773072148746,215.25281474968858,225.80968816931494,235.76908544174336,242.40906992179268,246.08248760038555,253.5272331811633,266.0626026562999,286.1361097071928,307.1562237061517,337.74736790154657,370.47607668706866,404.8784076980848,430.1145488714289,449.42793051363356,459.502322265254,469.66823820086466,464.91671791310273,472.69172694178565,475.02628880171306,473.6557912516795,474.13646669569675,480.9638315788373,489.739952894195,491.8936678849241,493.7769252682264,482.2994568294395,476.4854036265911,470.6653517205864,467.0674597534437,471.50057246005525,472.4198785895606,481.29734158602906,487.567889407043,484.61908858447924,484.443914976748,490.6704277462736,489.0576315399181,498.16691940444844,502.23999802177235,512.109626480694,517.4745617788029,520.4312270924752,521.5694516168737,531.8383050124556,539.1052482863391,550.8237485575578,561.9922581394865,573.7105101647456,579.9085908645952,593.1192952859899,599.3139254833733,604.8049210914703,614.3801916841396,626.1142036597391,638.3301024248678,644.9075998012249,650.1411052285631,652.0151348911579,661.4028996768784,671.0999466841038,678.3046232531212,681.0096015258846,685.7069586156305,686.6479161064761,689.7124090838148,694.0225463868385,687.8319303603065,687.5436513793077,683.876756958154,684.0982929224547,678.5007894475665,663.4946594643429,654.3561585885417,636.3204275426485,615.7597394574332,584.7073137780761,540.9672794436615,492.662015414818,440.5157221910872,378.9307723553077,318.61762285216867,258.03619486744697,211.72215793635309,157.13571886878194,94.11233246950235,41.54984554808836
1039,26.645265411276444,25.7805266752613,21.376148063522244,23.557775225542848,22.351044480465465,22.09584378896646,24.552516967597786,27.34342909187437,29.51524723769679,33.326462327947425,39.26986201016238,36.14135562473115,44.705481409045035,48.13220176958417,49.0274920791727,55.51935675810005,62.48326513511902,67.750383095362,72.64038372959116,77.50546433518188,86.89606460414721,90.09254114382348,96.88448588838148,101.68592911276421,103.18922263481154,101.96304624184255,103.18712862149678,105.16771295267999,105.83980441178744,108.30308883096981,108.25956133261084,112.20209177843672,114.03602825869349,119.4164218643236,124.59490288954501,130.42173062175704,136.75883669887182,139.7511153976978,145.27732726884588,155.84717839910613,161.49918102566684,171.5985295624299,174.8994673885037,186.18115768705837,193.10717752911899,207.46835922662365,214.7547144355386,217.45130881557864,224.62557681867557,231.04536875723159,232.43933924123408,240.2306389920772,250.2690161238907,262.409648180885,273.2211502410679,282.9206092569838,296.5885076106446,304.1798995324449,321.27821703097834,333.23439703129935,348.2247847826958,368.83388778842215,381.549321009046,401.035433590441,417.1348033636573,428.4861051673196,441.8117414793481,441.71089633033193,438.2057837181172,453.5194686812424,450.58666630680295,461.4625023957584,467.0058289584514,476.33313083243974,477.44190311826816,489.8807581042781,503.03435721385756,499.1155865709766,507.94477234644233,510.56892434461975,513.0606897095507,500.504363877788,497.9899078005953,490.06445253264985,482.40913579317163,468.5610940450453,454.74207058629014,431.9403201510722,410.8892194311703,378.02001168866747,341.5670248893748,301.2403735501144,263.83227151333654,210.4498039298348,164.37187996704606,120.79941178185565,75.65998687900607,32.46847798790848,-12.471562272763869,-37.907800150206675,-31.52244636174207
1040,154.11910725283298,154.33629761454458,156.06690736682452,159.2246840819128,159.79706844630033,165.00283124530654,164.4181837587834,169.46958136282677,167.30685921731944,169.87585585302836,171.13537738528234,172.35376530013355,174.63463234779405,176.39247927992503,185.8372014430906,193.18493625870093,200.7740869525953,206.56830290527478,217.65093681969765,220.4692897092462,230.9131678344923,239.00519814556793,243.78489617794946,253.88093949775063,255.40982627852284,268.00678439439747,277.87562159140225,287.5421488694879,302.9105850779718,306.80824306585873,312.96131235746856,316.0776290224574,311.96813079667123,312.48277533432696,315.85433782157685,329.190331436773,341.7115417980095,355.84688427268924,376.85035504601126,401.11085975347606,421.75847076653935,435.1004877793609,453.1509752058671,470.66099476198735,489.1320150918719,515.5156581022447,537.3229717936126,559.7518657889646,578.9056761017655,598.8202631075845,614.602841339837,630.2195808114245,646.3836358796656,658.2679095048255,677.1913891597446,695.5057380489508,708.1755129108564,729.990525048544,745.925885798526,755.0516342904358,771.4856070881601,791.8865829689457,810.3793801581099,819.8210707818531,835.8296387092715,853.4691396597659,864.1634799827968,876.7037532683166,898.3081894237339,917.6554028068539,928.3959921265545,956.2764311083432,976.4163928426168,1001.3277101299819,1017.6383237352508,1033.7819671291786,1046.7532020769358,1045.6820932061541,1067.8272154281624,1062.014754969311,1066.9523552483747,1063.7226815045228,1058.5130453959864,1043.118353803569,1021.3729054392853,994.1967366349595,957.6455327637683,921.2170508633377,873.8750235372779,816.2530866679864,750.6793994334157,667.8746109422227,580.2649303268075,492.77143903868966,396.1344622790498,282.379813248084,179.84835889106765,96.16003800288895,11.296822124294712,-60.507837476800184,-38.60742272999178
1041,101.50424228860038,105.207955165719,106.6739518430011,109.98488470680701,113.35354662320526,115.63539477265182,119.79112617545854,124.7440156536732,134.1469464678372,141.51213586094758,145.76147615818326,157.69574202725866,166.21190241875308,179.8052309181579,185.02048618790988,196.374847296166,212.0096385121255,223.92052198029265,239.97537562428056,254.24870359907663,271.2767562264655,292.40030755041363,306.7133549559977,318.81420320742194,319.8577562227051,322.095296202072,324.968164715535,322.7620407084013,327.77856398403105,327.53187446706096,334.7294107317611,334.1055027635108,335.1115027003066,338.244102840066,337.8522044697851,333.8226453384025,338.21206226061526,337.92381832540957,337.65768513467646,342.62690871192643,342.93321248146435,352.72994310759384,346.6360058731825,348.4233773518413,345.39798639153133,348.6179361425258,343.01252716186605,347.04265473011486,342.846008268002,339.51572787957866,338.98087531607246,331.37672658837073,331.45229579049,326.1302407365816,323.1337141002208,316.74265454517763,316.7752113393994,313.8381743679615,316.42650902658306,320.26828112776775,320.5680459717539,329.38321640597024,340.0716632164018,346.323863407792,364.32918910617354,378.47533723011776,388.0203087445428,405.1944154426615,422.9374735766723,439.0034425512714,463.29584897947456,475.31416936686867,495.7938125683789,512.5343129041161,535.516346079637,545.3107010529212,562.9360645198416,576.3607081889078,588.0434543028035,608.3303943412828,617.891013153476,632.9035621081485,645.1247416879453,654.8186862994984,659.1585971055044,639.4577987845379,638.7292270501478,624.2980617646863,612.4721772387627,596.0158242694255,565.9933499656478,534.1743525818584,501.7511838014543,450.71736372097564,396.2382359712298,336.4276917591873,263.0188741054773,196.29921418086187,134.3399411125142,75.2071027158267,23.90957318200299
1042,87.0343914428998,92.10375180018411,95.80853135109011,102.21673882782837,108.86730888571547,117.21073254386094,127.38822978528147,140.07493097014213,152.3400183508,166.08573878469662,181.31942204132008,191.77721384048334,204.21828398666872,214.12138340369694,224.73136048821624,236.72388783234106,253.34582435232537,262.87804091891877,281.5156269021162,290.7553725850596,294.67700713359704,307.04573818287935,310.9969884346097,318.06935317555883,325.6062068953009,331.9520279544639,339.3954246331705,349.92511639050014,344.191721708709,344.60311387587757,350.8595078827607,351.57157729640664,358.53121115584037,362.99492352963625,355.16039263643995,358.1547806405996,361.8788876422266,355.2602063021769,364.00418348130063,364.33099854181717,360.9443299991951,363.45502685972565,362.25906498702096,363.85247065675946,368.6005170036223,370.0443129477917,375.386073354834,377.47298018193624,372.0811193505232,371.868025667848,371.1235519056194,374.45695012375313,376.32103072166996,378.31196327851086,373.16949628539913,374.22158853803955,369.1300573306624,375.2106742573121,366.5602257759769,373.3907686286253,370.64548725946565,375.846539374161,381.9504403135549,377.86314628160744,382.62408018362515,381.04023954328886,380.0551966080391,387.9348670134807,392.00670679888674,398.69231401783304,405.84713542964016,416.3156730042666,420.9623149413038,435.2483515358485,450.45789222471274,464.16286991594944,483.24804776224585,491.3707404226258,504.71798763567784,511.25608381197935,521.0779461651056,524.9461120295016,531.0211915632692,535.2737206339734,530.7767311254821,526.1907680542879,512.3334155562308,498.31796735266147,487.6195721877921,465.3393405311916,433.8399409190228,403.9126800658644,363.35431970647494,318.61981715244366,264.4607420863536,210.45422107980858,149.0237603976828,88.694357116013,35.08510717993123,3.594259077339507,-10.122359630570603
1043,97.74394536652805,104.0569770506928,111.5092316563941,120.59755321864054,131.61684414107094,139.75130904758106,149.71307035493376,156.24779906382435,165.6393932661766,172.66345371183414,186.27007716601088,196.54292897768883,207.2709901055572,222.31225232989306,236.6877734008502,251.31936191206051,267.79321238464433,283.3557542329994,300.60664384979475,320.3661211505251,335.9430280756152,350.5530851972751,361.57853287961944,375.99107888412254,381.4575468331034,387.6628338738677,386.1068428378058,389.9832792210313,389.85251721456984,384.1210063159644,381.8624236213618,377.38237848900275,374.9112101503697,369.4985395476197,365.8034540809827,367.80148417788297,370.959051191918,371.9709630491038,374.5049149596862,382.5221084429158,387.5839906898409,405.5982025434372,410.70774621943764,422.0761113411437,438.73521225733634,452.8092017522903,463.0358488355314,467.06265932683095,473.6129082986505,483.28155022851973,494.5809201882094,499.0939249934381,500.35690555372724,502.320957821111,508.3387112693406,517.7612747931832,517.9748248218718,526.028143224754,539.5239921847652,545.5979617954433,557.9145637459278,568.9199766559369,584.4564483125629,597.4072790042648,616.8857810268108,628.4350799212427,648.3124215806918,664.3974019126754,686.6837114636897,710.5507983908327,735.9967002340505,758.0302894462426,784.7113447506723,803.575106172734,820.9185849228985,839.202351455228,855.302381455676,863.7163380420802,870.1373494336099,871.1751968657902,881.8284474066792,886.145932023119,881.8294498559658,871.9233354136578,860.7560637742409,854.4316075652712,834.2758899701606,803.4152501795068,766.0574158697603,725.3812113609342,680.6004544819124,628.2154524367253,575.63548080371,511.1610947887684,439.91603289010493,359.5314855860519,275.37143636189757,197.5449762239621,117.1355678381527,39.34803074138805,-8.56393413059495
1044,51.64654117759812,52.31998268997673,53.13095204308503,54.28273142529045,56.96775963529419,55.89443684234312,55.796839882491696,56.73964636981664,56.3753803841688,55.87024924421954,56.92989892917441,59.02762999024335,64.37429261412002,60.091919461663466,60.017421644513334,66.71985905615583,74.05367405114968,74.53848856357371,85.68535163856089,83.09840445002338,89.91796906737589,105.68995606568664,124.14812965624256,140.47944537045265,161.62699362228676,186.62990943006506,201.45150691358828,220.3948841977404,236.59781935141066,254.23071580944966,267.3296281375609,276.15430603304065,292.9503236366925,299.07561505893847,299.8573801769399,304.14143642374097,309.4455412147423,310.9372789906954,313.4987944791154,314.7385694682991,321.7138981517664,331.51444158891064,345.51744887956005,356.3539180578445,365.49519603170125,378.39509461807097,398.5822006181504,419.36970992831294,445.356346670561,463.64930007219476,478.39008019592666,503.9722755396909,521.7938562887196,543.8105366152909,556.6116314764365,576.3266208401119,590.7660789094606,603.7542685898921,622.7372516935924,636.3759005725117,656.8142751068654,676.825768541278,682.8985247291288,697.8930609918547,708.1790673955685,725.2457005995532,729.3323013494587,749.5582910543102,754.8523560895178,777.38753498406,782.5389415914242,805.8460099673983,816.8791065884049,822.6515655584897,837.9584606108714,845.9703234612781,861.588765536477,862.7551727026639,873.5462746043098,877.4085161463554,889.3136428353274,891.2104464868556,891.0494227303715,885.8703902486378,879.2240422438595,864.0902456942703,842.3750012243205,819.2986436602707,788.382763904353,756.610036368134,708.2371006651895,652.8563881083277,587.4722826060289,507.4441380778694,416.8925254398182,331.67332828749073,249.65394465838745,173.00114555639053,90.28555219446889,23.026778238450675,-11.326172033972231
1045,103.06798881564568,105.69600249339969,107.9560110066717,110.31200603626192,117.34770236275655,124.64247812003028,134.1965165602692,146.5719614160276,157.03437818110314,170.04044090273197,185.18832704435147,203.6128300750387,225.52848066792907,248.767709575001,270.40848798071835,291.4379310170639,314.1921638119751,333.5834327797028,345.8298810889605,342.68696082780383,346.2395910706415,338.03452022561186,336.3118264384742,329.42859556687864,332.15024696464815,328.67072336005293,325.1620848705485,321.1255401127009,311.3222149973031,301.46949291471344,294.789785275282,286.7714117220898,285.9228051899461,280.8330241353376,286.95132273812914,284.588725160128,289.66606050134095,304.3853286557074,302.07204411662195,306.40136575783225,311.0150634985679,314.9012199479717,316.05272384112277,322.23702905351166,317.07921060160356,315.43782127549633,316.1995019805604,314.5827801829855,314.32713916435887,322.6754085028455,320.964224821681,336.27138167153134,344.6428557571258,363.5089499923481,375.2423554860232,388.83669655290663,417.0323917097463,434.5872171210635,457.7639588172455,478.17666013885986,510.7300540251937,533.1276959802633,558.1009681835084,583.2383418077858,617.8733889909184,642.8768105799332,673.2758914012094,705.4036372242483,731.0585807879038,772.3176862086387,799.0973345842457,816.8703472468549,843.2593310657668,870.9806224703053,889.3318890063932,910.8145005796312,930.7055351947307,955.1205055125778,980.4967656636562,988.345039283759,996.568679225056,1006.8216740300763,1009.0373054616306,1018.8594915576281,1025.0317837061698,1008.2495466331105,997.4899027707031,985.3364478399438,948.7551055587403,920.385972071775,876.5172703944767,819.2711546913431,752.2403283373326,662.5568955427908,559.7417807926336,445.071200803911,317.9331454685188,197.2333256535755,82.23092498202793,-10.736637793122393,-26.619785039033005
1046,96.92071501338503,101.73282351736134,105.42181173966075,110.88926894536067,119.18400094346502,129.3202016232128,138.1569601488022,148.21101222057115,155.44697297798547,168.44160403862344,177.0299727482347,185.06316082693172,193.49167659669203,207.68665573276363,221.76005941003143,237.742955865302,256.1031296453498,277.5405967480818,295.72137466734563,314.1076783367983,337.33640593132316,356.20693302231007,375.0494958696099,390.66944925620663,418.7589217819423,425.21470094216977,430.01115281190494,433.0136209097047,446.8544531695067,441.6416541317679,434.8859136502783,431.052987311585,423.8463083158695,412.1474769806328,403.91374474759675,396.7475395271861,387.3310776921641,382.62859441703046,375.82396928042346,368.90233262373454,363.2642081898233,360.766552095991,354.2867268079132,358.373368530027,354.4920702116568,358.88924850676074,349.17113063812866,346.90506321301905,345.18349652454526,347.0097248537023,340.54208491099206,342.13325306849214,340.71924625260004,331.20012702667776,341.5273004731891,332.9227858796039,332.2905247994939,331.79528648939544,332.3966660071164,335.88302524746246,339.9055136087893,349.53475009376325,357.52553743878383,372.3146223942245,378.26174387134006,406.51643720261063,424.9011468722041,466.28917136124755,496.94090645915867,522.3747299034022,549.4750807809944,597.0791879963697,630.1191141013082,664.5573038460633,695.4815023067762,727.8039021614275,750.8483782941707,779.7744263281986,801.620964301271,811.1307333199568,826.7448771602916,827.3581040460872,837.9251074139167,837.3909873131656,835.1193076865854,818.58254342069,810.9576794731023,800.3282834586101,771.6810208707504,746.9594439785163,702.9356420233491,663.5914640017434,613.8732509970841,549.4530525739718,480.17518384581405,398.9075127992009,324.13476993767847,238.9009380673628,153.65826702797725,75.24180928964448,31.916849276161095
1047,0.43462738206536894,1.9343189802507714,-0.8527377111606316,0.23090894154807898,-0.5345205312506076,-2.4174976859098156,-0.6129643050640674,1.9049216168677343,-0.01570441883813417,1.0285131792727502,1.629196590870175,14.066818005389967,25.14433841065442,46.84268492303223,67.3340403880764,84.08870966794593,109.87428298505782,125.40170252834218,155.03738341775355,172.80148637926717,192.7127462269146,215.64400698197542,240.06120565916643,258.086086871223,280.6420171282059,301.96201952473,322.7016884457362,340.5832763627659,359.2666025705946,373.6439077118079,382.11374694864634,396.96066917597244,402.0677586549369,396.2375341432047,402.8689157082695,402.796668869376,421.9569521018201,429.2637162999199,438.12866135999957,443.074495655562,443.73855434819444,448.15312074705764,452.2673237762337,455.6689157109706,461.08622387815035,469.26720960508567,473.38284519052996,480.09021867056504,491.51112139074314,495.3026967773154,503.7926828654956,513.9883565713001,522.275093262325,540.5307700644878,547.5786333890678,557.8699139658592,567.1574685157316,578.754689765263,589.9541349347353,596.5475961809178,606.282931017634,613.2579013326879,622.9717192181283,626.3307740675285,641.7853733573438,641.5955493992607,652.6295491132964,656.0678414174735,663.2255202665556,674.1527869069993,679.8065537881051,685.5419954140341,683.7008979473459,683.293099041402,687.9083222837311,685.5401912624324,685.9896402445696,682.5959733975941,677.0310704287356,683.8244248372198,678.827738826504,677.582217638078,664.5067087274721,658.0668450971094,646.4539165052064,628.7493765685135,624.409447235484,608.5694676450696,583.0666714912335,556.1155477768184,522.6257293030517,486.7227691775151,436.82026007260856,382.4099063570399,312.17481947140016,239.88001177184822,161.92900375703383,92.14303619163509,32.850591124272476,-7.088908670596429,-24.211265033549854
1048,29.09147756856487,30.259531806095858,30.627983427890477,32.5386563972949,34.14159480850404,38.13671526273418,45.409396862865655,46.74404556673743,48.74675052379786,54.938033328764746,61.22527573713853,70.24989878368311,80.82623890998671,92.82899811592323,108.39041536974862,126.68080878382867,136.611976581933,156.71064598814698,178.9750087030188,203.33397235805106,228.62488031310892,248.24705889095222,275.13542524553526,295.29467230304135,322.644863120387,345.2605880547378,374.05054784633785,403.33136643433477,426.46245785388186,452.2662016342494,468.46164220991125,486.0890716706357,494.6826475837803,509.89954934330444,520.4985918344349,534.339407126605,549.5558680683113,559.2107022250635,574.0367627835541,584.8225351833704,591.475712683536,599.9087102074698,614.7689318096069,622.7018305042778,639.1924187345745,647.840053685468,663.2300907569114,669.9897447898138,679.9716936984369,687.8409243883295,701.3523980715265,704.9795781654362,715.8619721316135,732.6643672053743,738.3696225319843,743.0545952196793,756.8246061466882,769.7444967125703,783.6050603909061,788.3901601970464,800.5663985214475,816.7243112094939,838.502210993498,855.854561023189,868.6016591464376,889.9119438781044,910.0219790520856,921.2898066748166,935.3225705345804,945.8774462203452,963.0523874017141,983.3275826932829,983.0202086464797,999.7058840304767,1008.3639487037626,1026.4026945781204,1023.2457642141851,1041.3403887435195,1035.314021655689,1043.3270093155757,1047.599354165418,1030.9093072529704,1025.5322316789145,1017.6700402993602,998.4952065898243,972.3358145927988,959.7590732405649,912.2423095113854,869.8349677513997,807.8505773242952,737.8902202999357,653.4931267279082,562.3510254634766,461.1924147083234,351.8302166409416,236.06036465580365,128.8345217734642,49.91662379591171,-13.721343411066576,-49.724810642491136,-40.48466143059389
1049,173.49468524454753,175.73868548011652,176.54113687624962,175.70786837635612,174.82699277261233,178.15495110571877,174.7493503873492,177.5053093185349,175.60079850711975,175.6204180839989,174.64068854163324,181.60018761349664,181.2658650887997,178.2174847303531,186.33321938086775,178.78754716857492,178.73199904645315,163.99442769412374,138.91495854343776,135.5763777060161,170.4457389188324,204.45680835520815,231.02007618045053,244.2577485982244,253.92048941095305,249.10087982900558,248.38648196201527,248.12042843488234,249.89715096256694,242.02418610198882,252.66363890832412,262.52478601839766,282.18528595231567,286.32595408752115,304.3750455919704,328.1199285675656,343.2683649821316,341.8787127919228,348.7481619394864,353.3469035132402,364.4409106612245,380.2247503761943,391.2187758295267,403.5306161627982,412.3278294379125,412.1441139569272,413.70079944756316,419.2008607742168,413.5142969001822,423.90753445768263,433.41129399266833,450.99975402643616,468.3571664037036,482.76237433814117,493.0392968962715,513.6775095114764,535.5617156392686,545.4356094637558,565.2425413205918,576.0402800805546,595.0938057862205,605.6510462885695,617.9969183132083,633.7613764728833,650.7065037236748,659.6113995109005,677.0437499190831,685.7535583079067,705.3530835449747,718.9880101459333,733.2776635970864,757.03126250522,771.8751347300471,802.2487678961538,826.4484085148638,850.4157814453474,855.5971699719393,873.2402427732686,878.4131505718449,894.6124162805004,909.5342006435566,914.6421069624411,920.9858286624682,928.5652570374431,930.2069402780426,925.8821416888236,915.138820299815,897.4184214360894,878.1893356543011,851.0999530190917,815.0850527603171,768.4296412972922,711.4148053099541,644.4337461550915,563.607227542734,473.0385180841622,372.60499318983295,261.8115577708472,166.38308855345528,78.02370727543666,13.411359823244359
1050,81.41244756145929,89.53956030346042,97.96293652698859,112.10869866488838,134.07984078587808,164.4873231191537,197.54526676765713,234.73159219693855,273.8398283544888,316.1806711372754,360.96563152680056,393.74114739006194,425.25257835470836,461.17449223630024,498.08914904008054,543.3696071152046,584.3343377767338,617.2339499183814,646.1145350516015,660.1570476403357,662.4039106136781,667.6803140685314,662.6913242125299,653.2223489799868,642.604491814315,638.2072633705204,628.9627477210828,612.0370398802863,604.2485678670353,596.5050495745919,589.5764464684288,590.4901804323309,589.3607493388772,594.4717335338806,599.268592719738,605.843029198087,616.1579438343325,620.9137608678084,628.5372627029735,636.6854782587644,640.8198547386152,652.3993136243961,655.5745239714597,659.7302616671833,664.3728830016742,671.5845772633542,675.1987220219695,680.3677066911346,678.2067265753465,687.0052472252725,687.1591715368105,683.0767174532507,679.6220238249111,685.621487802248,682.655545552278,687.2669896942074,678.3912124967624,683.5042668212335,684.1526835847446,685.0654637368295,676.0435022807654,674.3486568280049,676.7485152746378,677.735608780262,675.8473590896067,683.402250564152,684.8991011965331,689.3613209783118,705.6264171001741,714.1727649815359,733.2300832414971,740.50206833052,752.9582569272995,773.9481461718585,777.9030922445037,784.2290356816013,802.0567776566868,791.7276203990399,806.0582242279536,817.9002706292591,815.0373680343947,810.4224465188269,805.2740131341722,798.2419111330913,792.9823168682815,777.5366832675513,755.0669097141181,733.4695971177558,697.8469210328155,674.4830955710405,619.8539554514597,562.537164818773,489.84985788032225,396.6145232142611,310.66225095859465,226.52821855961372,138.89096672252737,58.78989269305677,0.7554126125320301,-22.75938759038779,-20.68124808893336
1051,68.53865129484112,71.16200698345138,73.63627112082031,75.22040742194156,80.40590262063427,83.1708441606063,84.23068524300788,91.70914368517084,92.43524286090151,97.25646794906444,97.19428620740771,97.94751473689811,100.99697328738023,110.63703022261183,117.3920410268465,129.38918771636682,150.91884223943447,169.52444146861805,196.02066825463643,225.4081411384226,265.56899905763873,305.4529783882,347.6512144193856,384.50387608080223,407.6799102193151,419.17361511071704,427.9627597922283,422.7757794338755,422.87291546712254,425.5077717222549,430.61713084044567,439.36623263745145,437.21727340225635,437.3934749575188,421.7202751604522,407.43748559658735,395.7233648263968,389.8632113127504,392.60226075713365,399.3728934570385,400.76669401437795,408.9303194865895,418.4259311301797,427.7494382295256,431.54335419448057,436.1285188249676,451.7122223229033,460.23390152198164,465.80974256985706,486.31525793661456,497.6677442975748,508.2835015558115,523.5597797351581,536.4641764504801,540.9058037937785,558.8663559921152,570.8805364590014,587.7782854923843,597.9482641082471,616.5258985780613,631.322744600741,643.2885579087888,662.6820222901777,690.6822842172113,700.3267952597838,723.189868217051,739.7706531992719,754.1114601195366,770.7950553756316,794.2075523197017,812.0595756395468,833.2538552777795,842.7111462489988,855.8581263878666,874.3551236778364,880.3347771688401,890.5782604052871,890.472931631105,897.8886474093647,893.961014137083,894.4262053519817,881.6373153367193,874.1504959308274,867.7902482027663,836.7683969968068,817.2938637851173,786.3285303916998,750.0327694905528,711.4284370634972,653.0127396791928,600.1064919967849,541.5368925634689,473.4119725007824,397.8006067420313,315.8024266976992,231.12082821861193,145.61486164062168,65.12637969248723,2.767028047269083,-31.85341084472035,-30.606581998574157
1052,65.86298184911647,69.32975106596133,71.49396285539713,76.37041465034744,87.32165780094714,100.40769959116628,112.66593538141763,129.15100470949358,153.49702676171495,179.86520769715463,214.66312837869518,256.6509484287256,296.5040219026963,325.9360265289671,360.59179352030975,397.77056838857055,440.4924609845285,465.60620849130834,497.1970638945081,522.1114156636135,557.988455713168,591.8919526034349,624.9978695732362,650.6186343952064,683.9390635166641,706.6509125567092,729.6378605828991,749.4421563339525,753.8387023031933,744.3988666515129,731.8412553444989,718.6181377756494,697.662095529863,683.8401470808524,675.5763762650591,658.413439538093,653.3874685918182,652.1870975363476,647.1297396480927,641.5959245251026,633.248999841873,628.0470504148236,629.5157206703245,632.7878479970718,632.0764370108964,644.8401268217076,651.9130932935926,667.9523941029087,671.4158891339861,683.8202202854949,690.8763940697834,710.1616806460964,720.8607487961756,724.662286642338,736.9074660227251,748.2971701990253,757.6822594661461,758.9438701090485,777.8408347313642,777.0787169679007,789.2530559969592,791.061363663709,791.2131566979705,797.87424767864,801.1412205716935,801.2731896575734,802.9255692766058,811.7962484670745,819.9571482478051,821.7530111002008,831.4324522939858,836.5476763107715,850.3473531189638,849.472558506007,857.2409028068171,867.4043189475229,867.6443193689399,874.9783605366025,874.4254203659109,872.9197161515627,885.1061131670975,875.4424382054408,862.1815050446073,857.6657715563391,839.0602686050419,822.3775120064928,798.8588635633174,771.1910759169821,729.1822685785553,691.7082718441924,644.4083856991759,587.8666350430078,535.0284604768507,467.68757138697833,394.7380724513357,316.97266690993865,230.29044247809207,144.06683384580435,68.3699337284961,15.20123855204961,-8.828761546951544
1053,18.612575955389065,18.190323000647314,18.294339610418074,17.45474169032843,20.455364549962912,24.2260140852414,25.61142866581336,33.04068302087294,39.98199908026733,48.93263103731213,59.43810201061923,71.3325541978123,89.78115289076393,100.40665743186528,119.19824192266643,136.95619420682786,153.7684504206117,173.27596410141308,192.42820731750928,211.16918640803638,224.8048362086732,245.71672964921876,258.41038459383833,261.8142695846675,269.49812602172886,271.6721252282507,281.48733293440387,286.2486036045702,285.4450382846584,287.5462690047548,283.50235795670187,287.4523649567901,287.383806593446,292.36851007930375,296.4524242844746,293.51954034005917,297.5323499630979,300.2196099346109,303.4271695943029,304.6496089026895,307.43137178084316,304.6654213728979,303.7200157669829,299.1322920737746,301.57475999708123,309.7335512061111,302.93718351955795,301.8028155377456,304.4282150928277,301.63435039968266,306.67487652274536,303.517747711196,304.15904209440527,299.1905305140436,308.69872346476893,299.9622543768301,307.10711358005693,313.51460410698985,317.3437087172357,314.1390581233316,327.8726228970519,333.7616506620563,335.84891002036267,341.01241913529515,353.8469696960498,362.4594503875385,372.5602135575752,388.14167323682597,397.66946784038765,404.86419518374214,420.5601588666692,426.4620198731901,436.59429302354744,449.6370927025096,452.20661119384886,458.5043006880196,467.5665738822205,472.3959083404899,475.63439799620716,482.9429602943319,484.7455203817524,492.6336070448745,493.4533104189621,486.9742525939923,477.64761484818945,478.6663821332273,470.7652990363228,457.20875168731135,445.83946702098007,434.44985402218543,413.96044328835546,391.2607337899142,362.7219212394495,330.4040900972914,294.6713414094399,249.7154881812857,197.49754930392197,143.77325119630297,89.26872437175314,37.588717331831944,-4.764174961954722
1054,37.486443244911044,39.01106467920042,44.04359399217753,44.61221532666871,50.590868274664906,51.70086487143073,54.56092210112003,60.44644117369109,66.33324163902485,71.6793109423103,76.49261729866326,83.79339616882224,90.03949388795336,100.08385305151877,109.08048889235583,123.59265217128238,143.372383436138,159.8886245190134,180.50151470882568,195.9882685888997,218.90731172171746,239.22774930273343,260.63847156405575,276.321588758671,299.2279450762257,320.6592567191491,344.39289466443734,363.0024402651013,372.19848696656726,382.0620561047166,390.6827265168523,398.9859630096179,397.4609038835956,400.73841408405593,405.9679456750942,403.22598838700895,405.4225840736455,398.54567000136535,394.2080615882962,392.382527748109,389.7829125062228,383.21099860651725,385.6125937168626,383.4684595096687,379.73151271041223,384.1757968717243,385.35759509582937,386.89055563654665,392.7984142586969,395.47127433771664,402.2363845348362,400.15577103706175,419.2395774400905,423.1862375539199,435.9448566271608,455.9681625748935,465.6350466049547,476.948984186169,490.6525199869992,503.03994048593455,512.913483386826,517.0475971805649,534.6868024364297,552.9411524195774,561.985041221658,576.786082452605,588.3724791506864,616.3817944952933,631.8737719206824,642.9149027699503,658.1292116455364,666.7226720407655,679.7759770658618,699.4227701436909,697.7434615471581,714.2330830554687,717.7800127642157,723.5884209561937,731.1210918799695,746.4050660548934,741.3179975800756,741.9111248720648,749.1912122600473,744.9911570559655,734.7769538307617,733.9455382430037,723.6570930122164,711.2943060171035,688.5683429357719,670.6956203641884,638.7346320815547,597.577156103871,548.5787521628788,492.8338726910701,423.45057369359836,342.6030426350456,251.61598348605563,185.98236686249282,109.69878754148426,32.69133578797626,-7.416714462961926
1055,26.980741169654944,29.493037821710526,34.28605813524335,42.54280785518315,50.73822790058269,62.764656503407835,73.08321759254434,87.32175718212154,106.35075750463716,125.78929747603667,140.6094938796726,158.01696092135776,172.74139158590006,187.25893797457636,201.7371238906542,215.59786079272618,234.2614809812618,251.1434202143923,268.8116529250334,286.9869559835482,301.1532431096157,317.09938378085343,331.0998962819093,341.23427259319726,339.27474578091994,348.4027497720339,353.40446811944423,356.5827848456267,362.061493985175,372.7736417074724,386.50903644776326,392.0358172561905,400.04332982360665,406.94792420384914,410.55691274610973,419.5858820480312,416.09155055508194,410.8866473127428,414.02521250245815,399.4783991367497,393.9409485793297,388.89924972802265,380.48668693449105,378.28136817831916,377.15451095375084,374.7319701595212,381.24567526741595,384.79377647975946,388.3572524944903,392.13175965202163,401.7350193210059,407.15046391558843,409.5381463288615,409.9751883731397,426.1206899912788,425.1454882911621,433.00567151815653,440.75521296192505,449.08809542318556,455.14261957368336,456.7509080542202,465.34915877089105,470.16244499470076,492.2793867433165,498.47221701613984,515.6959497023626,529.3024280832964,545.7403384070406,567.2148308057883,580.678948697277,602.3481243560059,627.050709342274,650.0294143216153,675.1439596559563,698.6429593278972,721.1577196376626,746.0026243570185,771.2197874832021,794.8061702411845,810.3898861114184,829.3987574682747,839.9819677132233,840.9378014018978,863.9575036257853,860.9976441911208,857.6374781162525,861.5608638849162,846.3648623571664,836.0278182328435,808.0179757171239,780.5136149458755,738.5230390440493,696.7928294762961,631.6147860784076,553.008848408078,461.08558649351266,353.8296787855982,240.08965342179255,147.81554504404448,69.62816834334481,14.31974138258158
1056,31.789953148412753,34.29083808152446,35.615000167611086,37.78288636926592,40.38460502980398,40.84594214495767,47.65367134609054,51.22331737852684,52.01085007120499,57.58698339796223,59.01774926292698,64.29868612523397,66.16083961937133,70.8315259406635,73.12524815811818,84.2301935861608,92.38425353700524,112.09070199624968,123.66920265161892,139.01412831951694,154.70476005493887,179.0348856808347,204.47719868098272,227.21540866723106,256.0818189162576,276.13445184885825,295.100472509498,319.20608476927043,336.621647777839,343.26277954782495,349.250801150535,355.47722289743064,355.0524218819845,354.7340280856378,349.8245660128275,337.4826723561844,329.21889339114665,320.24193368166533,314.78723719050504,301.98151695284923,288.13238502576104,274.9115960631042,265.42226340989845,255.33207507060527,245.20546700912348,235.21468293220838,224.52867135480972,213.36109267383338,213.39281023530165,209.72016312489382,215.1954785246628,216.4926030597219,222.18592089578982,235.50755481608388,249.35173024280013,265.2572589195293,283.4531248534346,297.70270386545474,321.7742342909325,347.79070795198345,365.90692744496926,397.9203539185037,420.4574301742432,448.5456786652217,477.55903742016187,507.46828036072986,536.3025297965645,563.3959222930215,596.2472609405683,619.5465088163915,639.6914336812804,668.6228235066525,689.8723901632012,708.2424833802494,724.1746187222543,743.1404524822333,751.9455336842473,761.9040311973349,771.5990967090919,775.7290998189811,782.3031620362867,786.3486930578188,790.3077065261241,788.884270416343,772.4261986465594,759.3743448644452,736.9159233685693,713.5836833521928,682.5784036580476,647.0210227999618,605.3538433388173,554.6892990917326,501.2089504292045,442.43151909613806,382.612795876722,316.8050893773193,243.65495865395945,170.32709170741543,99.21231393341755,39.18960677679215,6.175407616678961
1057,43.07225166683023,47.13327496037424,51.687008777082134,57.27937337254268,63.37927286327883,74.62342920053891,88.03922559992098,109.10427897142692,134.934398661065,161.87399594266213,192.9084764697268,217.6186532239549,244.1172696733625,265.2799656123816,287.64569946089085,310.73321130420555,336.1275882797995,354.4242253311302,368.8838839589775,371.15138267498696,380.0188674243449,375.4194497095857,374.7919130396228,375.2641476532865,374.5143019056664,362.9637444420384,364.49524702896645,359.53760556635785,349.00979607688134,348.24480264274916,338.66046250850815,337.50056094041355,338.81360542770005,337.9383676705379,337.133037199437,335.4295491368496,333.3705880956715,338.9505641222102,340.4215035655539,347.46055918481255,353.750415717238,360.92840943409374,372.907993518909,376.9721670779621,394.0087794530916,399.80233123889116,412.8346438654756,423.0333942378935,429.2683677067486,441.5766045074434,455.3818616056139,460.12971979834407,466.938689858654,475.67359334613417,475.29177726057407,483.15330753522795,481.5143039788304,483.86157212083225,485.84997595086116,489.86112475779413,481.4174083937676,486.81158998807166,487.7635596407793,484.1231868513831,481.03396532821046,484.45956877269674,485.95092966408737,495.2405277922797,493.1493693201896,492.84597185058186,495.78429905335656,498.15073137311725,496.23804684765275,503.1112549613328,504.2527111669878,509.4365729936185,512.0162700773056,517.327585099907,520.3614877559262,521.192956737658,533.4848133737581,528.5157772274734,531.6273544556482,529.9043431400881,533.5252172071257,524.6124345808307,524.5833108885669,518.2368544064343,516.7602003741029,496.6302397339569,478.7095733317357,451.1361505636797,425.0672058620489,385.56336902131534,342.63028551937566,288.3966473255583,230.09351337036955,161.65567310806878,88.93044856674706,20.990320549336378,-16.248112505810695
1058,205.60977603412252,214.43801300397334,220.14585714105894,230.49394317663135,245.06272787156564,259.99497284503025,280.2240547179386,305.7454960368022,329.51568542317744,361.83930369694906,394.50687606882286,421.6684152163852,446.5942372661007,471.1079327721389,499.2249686479828,522.1588291081481,544.3720558895106,554.5475968939262,568.890346656782,573.9080463587902,586.4271683320051,586.2758048963689,593.4476942306637,592.7610134680557,590.6610395416826,586.7132828182622,580.6667412251745,573.7971530563074,563.7557982631722,558.0832440273958,544.8321929363608,534.3633764227759,528.5316750912226,513.5492497487065,496.28938661156593,478.79183675780524,458.3598570936534,443.8082569262638,429.6715346700527,426.0239860448517,419.90051779220914,416.0162077102204,412.7010571895899,414.62868343620045,409.6382039885835,411.90054585104536,417.74009358912645,414.7577938648227,415.07370331536026,415.4610932161839,419.6453414331974,432.8892060425626,437.97512208122504,442.5472690424917,456.2565232810977,474.55662461414863,490.79260171203026,508.09568703177456,526.8228335388734,543.6505418264625,569.3007199411045,592.4004058146501,615.4842090632209,637.3240879685809,660.5450679996922,694.0866941343004,720.5061283853476,750.3902942185246,791.0140297161088,826.5238861608017,868.6479545281176,917.1435992419049,956.7127405560447,998.8385233963368,1042.1044939597393,1079.3474015875267,1113.5895861963586,1146.7000033003656,1179.0338938322675,1218.7775534803652,1229.689103065612,1246.4672517470701,1262.0658235312756,1274.4448416935998,1269.2883437148632,1269.9418539778087,1248.398853905894,1212.9995001766542,1164.2603971042229,1098.3687111996833,1017.8916377859862,931.9883328510118,834.8617240845638,720.7782647055435,602.9305190262671,469.2691446986569,327.438662704728,189.0486690471767,76.94054262755694,3.9770512778907268,-20.28735996041158
1059,41.988782406282134,41.489581509173426,42.809857492750304,44.26941010381919,46.85660589013486,49.9382285099054,52.2940998895219,57.965249972861194,67.55931330523568,76.25930452543382,86.43152786369365,96.64607599215569,108.88582123325855,124.74068535036866,139.46204446952424,157.89906495649979,170.56534678495203,187.3026088952629,203.99934598465862,229.31746993688054,243.75642731959786,267.022407470772,292.56623532695255,301.70837607735564,319.3124089715907,334.66397886655807,342.09228046432776,349.48595740467266,348.2668692921906,344.4828458077527,346.2431540346258,341.8822102893445,333.96385302191504,326.5975503339716,324.7496067548367,325.30813444386564,324.9939219107465,319.8871920803976,322.2046842959395,320.5290658911598,318.99743348387494,326.98205920167595,333.2598684120014,338.3531364667046,354.02173969457635,358.79046987769556,368.08914533343915,378.0382870449737,391.1720912981751,409.07799354879074,415.186924677008,430.854341099059,451.0828985703956,471.23418188235615,490.50908207808715,508.7629552779142,534.0917716864662,550.0445477057082,569.4125421202151,585.5299078944183,595.8352332373014,612.4493087708015,621.305175503809,630.8181176048137,641.7843014143743,655.6626142828655,673.4698455951849,690.4807392860143,702.9637619245643,719.2150700728306,736.151763082047,762.9503119369679,785.0751321741146,790.1783365316004,808.8857481207268,818.5848205617428,823.7565292222278,838.6538664555239,847.0073381410798,854.5001852374199,863.9892203940125,858.2987016405774,857.7647132298514,845.1170327097213,838.6520881321254,816.8632147858801,796.7087259805975,764.9161629433568,725.9721467749392,679.0811873489235,628.0913805023868,573.1525322111864,504.0336909503129,428.19161094596416,343.2721252076242,245.81666938758772,156.6338320271659,73.19869129051986,13.052314218657607,-18.205881324266798,-27.259353132586
1060,128.54136767294364,130.07777758093158,136.9491405941311,137.9890342108922,148.41116854045097,153.3856409231887,166.73942346418536,180.55790401871107,197.66968988101493,216.07170587306211,237.86918573657306,252.49556124638514,274.1051679523396,288.04632618277503,306.01147249898565,322.1158960502515,328.6765419393937,341.63803655976216,353.97990087310535,361.70368732486014,363.3537984761972,374.12243350396477,375.4084147527378,372.2758581953913,373.43503187878923,371.250474074307,371.1145085042713,364.26785799041045,361.72689152540374,353.1413136652698,347.71900465809557,347.006749643028,342.0039521308002,335.86262160120805,337.2900662612226,330.7658049838779,331.74186291112716,333.73069204400576,332.963525060268,326.8627428802814,326.04732722334194,326.19940699170417,313.5350899665227,314.34964739856343,309.09454800892166,304.93707379616694,296.7443405245364,304.66933691131766,303.7009360889192,298.0885419530111,303.70480519041854,299.72488985762976,299.75951191877806,293.9043820850325,306.8226607960843,307.1908264821388,306.7256720920836,316.8655080799652,313.052725996197,330.6522510729135,338.674651031057,357.21248390199185,372.20827334060976,392.00596992453376,409.6716116025168,426.5933110863117,442.20540176309333,472.48507100478537,497.904007992449,513.5540368990355,534.2946750000406,557.7247373404524,578.0756319602707,599.7595504643066,621.7630558985704,638.6021614807612,668.7754078876587,688.0760381314545,699.6850394754761,718.5855394972688,736.0324072108217,742.1853517312247,745.9204173768662,762.0293635549962,757.7692345894268,755.2894834324183,747.2990318994938,746.4237199904123,726.2014081965716,698.9373156479029,673.5887165648053,632.6159828693501,583.5533827481187,522.4466613048727,446.85774151282936,369.02682080691477,275.5202276729923,191.34972301629463,114.47356903363458,48.1120208596851,0.4555681365519396
1061,29.15463886059723,30.21771434065524,29.89115534773735,31.6595937770664,37.4499665717452,39.20312229427665,41.96518797800976,47.166174278794955,50.92740224173966,55.571378108954335,63.50270577070979,67.7482043758566,79.98775034023389,92.55103411103745,108.6002842676095,124.97497263564263,139.96124186726757,160.35972822855257,178.60906344328671,206.30317891447677,225.82543385307403,252.1490152429243,272.4417050148642,294.46997647541616,317.32473416233444,342.2767571344301,375.48946121212896,402.29769045272815,424.07228401967365,447.69214604935917,465.3142452381762,486.9557529840896,493.60645245805074,502.57736501346534,523.3534717238651,537.691502890204,547.2474207548134,559.0924705564065,574.4027224058956,583.899187894138,591.4686580204354,603.8596261717139,618.983213656175,628.5443478210585,636.8483844976076,648.9675475480892,662.6759061963097,670.4565893345864,683.8584009624358,690.3822768625687,701.7267450893016,711.0991243000555,718.9139157661889,728.4822697048634,743.2136871541825,745.7238004178647,756.5063954216286,768.1881949623531,780.0852647847389,794.1419499830436,803.801576364561,824.007712613075,833.6869362430226,859.06164506111,872.204714857738,894.6149873108915,902.9031014448742,918.947296162308,937.2671601424468,948.6959581852047,962.4923954035614,971.5092079874182,985.2986134647052,993.7841980152933,1012.3229682316311,1018.1038473612748,1032.0290526528765,1026.8953832990285,1043.0875890531004,1043.0035850265679,1035.9589541099801,1033.7038734282764,1024.9617739362168,1016.1163803779691,1001.3469358225736,978.0300657514714,946.3469261521622,916.7557875923056,869.3498778305219,807.3431048069959,736.4996020485036,663.5884759764484,566.4458317934337,465.65828528458667,354.6976691899,235.0942301462367,136.7939871544374,47.465269280652805,-14.338732618310393,-50.23991807175832,-41.06289350382648
1062,256.5360923957996,258.7237229931481,263.26568856610754,269.85863132140213,277.21816032226405,283.0081918838095,290.991287166158,297.5548918796973,305.2590302045102,318.0491958934088,328.86328173700747,341.5359085779358,356.4562536392872,372.1792498075415,382.38986398514845,395.02578750067676,408.4576379550847,428.8586747954058,443.6427166720507,451.996136534202,454.4311956326451,453.29178594397206,458.318307178351,461.05059698189064,457.74470472210254,457.393394631155,446.1839341505112,436.5982945618783,424.80097154203514,412.66298115715364,402.39709400162656,386.74538916641944,370.9602118752869,358.7309913053025,349.1988762253796,347.36638682338867,339.34351128400834,335.21985421596474,330.2156263310319,325.61622802291913,327.3319943043136,335.3491564455632,349.50479998454466,362.09868091874483,379.0807730438574,400.36994672471786,417.4231105809958,444.5292155178424,457.53733663264643,475.3710718170862,497.46141043909296,514.341913601734,527.824841669734,543.5483531569006,549.9254202530832,571.0048435213561,577.055017941548,597.1992893591251,614.7435209666443,630.0128933312114,649.4307047800787,678.162837318454,699.3453979784643,722.4189781148591,734.9545034375604,756.1117322640508,769.5939212769379,801.7550084087584,817.102005153926,837.5691853531098,857.4856775664758,874.0541490927407,881.5279301992045,896.4544373231091,903.6093161755241,918.1673556583354,921.4631224398698,930.1522395423639,934.5279210209555,936.9070331441636,938.4355880797033,936.6500256078813,938.4064678676912,917.171746473631,903.7956268138604,884.5362250406117,852.9211115516299,818.0667378390151,773.6665507958518,724.1997507235999,662.2999283304722,589.7606976874846,512.5312454170795,427.10938415782033,343.9646722937021,272.7990327621214,208.45630143766033,153.8169274506828,94.07099573653508,42.76327445237168,7.729362109616412
1063,123.01809269953951,125.4018254045426,132.13343737505147,138.12208559557902,144.69996263034207,155.56951539236786,168.13774710542472,178.7687616884876,193.1064107099708,204.35486102761178,219.87960595421058,237.7357309296794,248.914379193259,266.1581393293459,284.26229045303364,295.23369303635036,312.96627197275683,322.73235703397734,337.52600769560985,343.7416755854445,347.3920338667231,352.25099655221925,347.51358855961803,349.2038698317175,338.96142356385184,336.38407080139496,331.9090865459656,322.9870784761527,314.79644774297134,309.9685930446966,304.3972209344131,298.61261334218165,297.00065489832315,291.0748120071851,286.2226118692336,284.68196960342794,283.76330195872725,280.7842104632695,279.831782695871,284.028971892908,285.1469644273391,288.5211603840652,292.93604108046515,293.37930626956177,298.99443851505913,303.1732351531109,312.3128850246254,311.97598708597013,323.6875741344133,325.9440430808788,331.02711261155326,333.11316513415164,345.9347404293226,349.04267599013946,363.8492515509419,374.5037285656956,380.77040986299806,396.86945055510967,399.41101240535403,415.770887753293,431.27737191581855,443.82637521801126,464.5992064167362,475.2619451934402,486.6248720662529,507.1367377630945,522.9117297453696,543.350275336598,561.593498983217,572.5243259943414,590.0340524454026,604.7496271046593,619.9892908825523,626.2446946599117,638.6641399452907,646.7800420878625,649.8792661199232,652.2716158039882,665.6186540944153,665.4533535823485,667.2673084906401,658.7981394906021,658.882104948361,657.711360373463,645.5584401856014,632.3283250538071,614.5819803840383,593.8225920041504,573.4750494596707,545.189260395992,507.87030266284,463.8951410737898,415.26064597475096,363.35469104963636,306.3863167501299,246.11363995060003,188.37220681907877,124.04314362220705,71.70696858641215,20.970152672192444,-0.7106422475574568
1064,50.76023563092511,53.76958622304273,59.311281659365164,64.67793646043823,67.57023355510948,74.69002242011622,79.84127756153165,87.01535094648476,99.73216084230489,108.7035988320271,123.74485687738984,136.8224728909899,157.88604810135172,178.47905388890075,200.0101226814392,220.91937824698545,246.35317081754755,271.57612757918747,297.8783301022943,329.484275179555,356.74672731712997,381.4788107682891,406.3183494826084,423.57700249840235,445.06799997854324,461.4452531708256,478.8536385335965,490.628219459879,501.476164057688,505.66836047047883,506.47923103457083,508.7702283443872,506.298373634396,504.64218016759,500.686306393093,496.9169228404823,497.7141269269239,489.3285641001683,490.1100843912354,483.460342362654,481.3119221934449,479.26834460528454,480.37313216675255,483.39953514805865,487.05298218014434,490.11546211738073,489.2441173931462,493.39422726015505,493.95255902795776,495.2162041307227,492.883778084505,492.9780636946182,493.88869924235155,493.41568501496585,495.44677442533236,507.3382006903205,505.89871374185515,525.3503235236236,535.6903125146285,552.5690088852906,561.6987222841865,589.2636804928081,597.5777438124303,614.3183739125426,622.7008616427448,637.9977301266359,644.7104140600757,655.9709865174628,661.7072071005399,677.7349528655761,687.9432563485241,695.8902136709224,710.8423672641627,715.7049653145634,735.2909745451661,744.6844484677131,754.1075851458121,761.8491601347324,769.3423697931299,788.2346672270871,791.877631638184,797.091667445219,801.3885046536544,816.5287989253732,806.4920050748099,802.0857298820123,804.3008247105365,791.0600252283077,776.313203394935,751.2840070805481,719.7723167214378,684.1709633466797,638.5953471894812,579.79531277504,515.5211268038004,440.47225081997215,354.065355436915,260.0135693772437,154.83943450778247,57.215694377397206,-3.889038503608468
1065,72.55133942619194,78.95454429702761,86.53076941976656,96.7332740177017,108.92109992846615,129.10040492282346,148.54207247969958,170.52961991494053,200.15944381147472,227.7778671825938,258.7164893672678,285.40802933764536,311.1932622665018,335.719785686383,356.2252621371959,384.0919363862421,406.4068529841306,439.5386548358359,464.0487982008331,498.8087204105816,522.4736809219792,551.9659918976064,577.9590201356058,603.2825843500934,622.600303738113,639.3415595130451,654.1203609214978,658.1547506502488,662.2541832030557,664.2829359458273,661.0312358754433,650.0141090677942,639.9885336076321,626.3811141423038,618.4757270809106,606.4635302262527,595.1666904146394,586.5660388531527,575.9115025232768,569.074166417859,562.2213170121058,569.1960480339393,576.6385605592918,584.3153664517342,589.15375604455,596.9256407858351,607.1749307209703,616.4574308799721,630.4086313230233,640.1131579727542,658.526489183813,675.2891062994453,687.629844751638,712.4532347162976,723.329636800405,742.9405286963977,755.8921103988812,774.6840149614233,791.4640337419057,805.1161998693922,826.1329742862752,840.311400394231,855.6012205968822,868.4220426097214,879.4755789291269,899.8184882315894,907.4107429792693,921.3608925652331,929.7035538388966,942.8498014485649,957.1550376936202,975.6578376141148,990.6329790451238,1012.6325537383734,1036.119922681213,1054.7960252885189,1066.6514891430406,1085.3991264571769,1104.591594505621,1116.0177810922667,1122.5449332597773,1131.0804648198425,1122.15735054083,1123.2413570905608,1117.189363345519,1098.708650957891,1081.1161379295888,1050.91699903232,1018.3639163530573,968.9194965580829,910.8681372831602,839.5901818307977,751.1892666404954,641.6187649033807,521.7231617269952,391.0279966551291,272.2342471166913,166.9161470869492,90.03828617411178,29.237687802216612,0.24914918214635234
1066,31.69458331727989,33.80839919552712,36.47626466703972,36.38156099632799,38.78656034486481,43.10390581196329,46.64991171674614,52.773005737413136,57.10142598639901,72.66751985618566,80.09844168392593,93.23955959781138,108.33993830145887,126.1353738353374,147.59518189046744,166.20755196190976,191.56551104499397,213.6301679571004,237.69539289259671,264.63674255329806,290.5036683630537,317.7570005312976,333.18772501335155,354.15459989335227,373.1288266239846,389.5297183520361,397.33286884061437,404.24972282970776,414.18934059118897,414.41557760292477,418.9979633342198,409.6930374553589,405.0054314128145,399.3308695440825,387.3931182872292,376.6321118753262,375.54041196206117,369.7395725294615,363.0507268164576,360.08110807864097,361.6131868974059,362.6304441938742,369.5432756442784,376.48790608315915,390.54192687097185,401.01223551514755,409.24032710760673,423.17038351557653,433.8609953735062,451.6641755547391,458.1627513064679,470.57091866989754,475.8467897560987,479.9629458492893,491.3172114271566,490.79732096910055,497.3148618994636,501.6508029298249,510.89880214151907,518.8572119138432,522.8391448128956,544.5462570851136,552.1309274983425,566.4447388255276,575.7330607484195,596.8223824490466,609.7516528499992,630.2070961583191,653.5326197131576,669.7647802277222,694.6417795726868,727.0444279139525,749.6534324987889,767.7169276707231,798.3554063767413,819.3017780226769,847.2576106042308,868.4688716829767,888.3048301838841,909.3489340741611,927.5116105269194,950.5674577803852,965.9593019930136,973.9189003487002,978.2176197046857,987.8109396970838,978.7397416615622,975.2751788728593,957.7689533566006,929.3137231551564,890.9001368971251,834.5097651694674,763.9985210961138,680.9478800128012,595.0297276982429,496.66843028560334,381.3561729466699,251.21884454336958,136.27938666527874,63.45869220737662,18.01133772333697
1067,108.56453898929401,109.66540927624061,115.41796609146864,117.17634242878813,120.9702715672857,125.514416647437,131.50498895577152,134.8025419593887,141.68531245698486,144.86333155179022,148.3932913621622,155.61214668083934,162.16414903961655,170.4281030877916,174.47983996202038,176.09696134566502,184.51341738592598,198.74977253982738,210.30431951398646,216.31741956097852,234.71576375077342,235.59625950544842,244.49951744543853,250.9635862160577,260.10831136117224,271.70823179131577,276.7611356212644,290.46807343272707,297.3133512712768,302.3212369714266,304.7040534974271,299.44731614637715,297.3634263077115,292.1589542767594,278.80539699715064,264.666978582383,246.75467755570267,232.03370353220777,221.307220031159,217.61459308726572,214.6739492792334,214.63282732670828,223.31521773245748,239.14241274874115,252.7633006261258,263.58216133205497,290.6129055174371,313.1031924229145,335.64691511660646,356.7033070330261,374.29361433790166,390.03255766580884,408.65719274055095,426.2716825029956,445.79039118809425,464.33955580052975,483.0159361809497,503.829504850869,523.2619697709364,538.57662477675,550.4968775533144,575.7094117982399,598.4868211009095,624.2560443657894,643.6051797368989,674.2456320061851,690.9722286127231,715.6688758325552,742.9950856124304,762.2521140376463,773.2666225682309,793.6037985166939,804.4232678612896,815.9533852271082,820.3457031640622,821.8889794711553,822.3119530830771,819.3593385947675,821.6108567712287,811.5653007497175,804.5631267561174,804.790763923993,789.8747292775034,785.4389056488617,764.977585023821,743.495321015506,721.3032004246292,693.7236261093112,667.3563932717609,628.2309451213633,588.0219470914043,533.9669951639045,487.55706456206593,438.5896221603296,372.4760905682248,292.49694730736894,198.7879025221224,110.16167676927924,27.988039132052982,-32.39458364334961,-42.76595414078341
1068,30.9198237733822,32.677725910490096,37.20468146998553,45.420184326940344,53.407225283770636,63.62129187212857,77.5664245576023,94.27903125123224,114.02304865685639,132.52719865060786,159.68165462579907,180.65659994333996,203.276554479896,225.6131354755491,238.58420168822954,256.01701829664546,272.88287227756376,289.8922177337228,304.8252526153965,317.177555246767,329.9732514092895,332.3996807963975,335.27857917330743,340.82262818838876,339.0552004207397,337.85998189897947,334.7806671466264,335.0515340577953,331.53043160381986,325.13049296642276,323.1031897780262,319.8051507334822,317.6398738056216,315.52246421623227,313.89562001891716,315.80404887081636,314.8484692525299,316.1925108641198,318.70275579934196,318.23533537367666,315.2805237621491,320.5618823203521,319.78029100517193,313.3536109247024,319.8550621549518,314.0453747444668,317.6798552046348,324.1460509944023,330.59011060473847,336.17437684281816,345.74739942748363,352.58498802517624,363.0210806765234,371.79627173224014,392.6485112304682,404.5982790366231,405.27329167428263,412.5823694015615,409.4778808141874,415.6651889647676,413.06469773159574,413.8098912510966,411.0277393745777,412.8051371899652,428.22553149714906,430.43582240667223,431.7152359113907,442.0957051064608,453.81310068048225,463.80047310842855,475.59892843480554,489.4392081049418,505.0794444236829,515.7525864394437,529.4948503331464,547.1978822631396,557.1018560285448,563.6335519366154,576.8592052764986,582.0567420255563,590.8839327096027,592.5796525198697,601.3052893531103,608.7858931806537,607.4650801419793,609.5769189181889,608.125277052406,598.0176257419087,583.1408179664428,568.381833735125,546.8298756699442,527.1722285433825,495.0512134320527,456.38668558653944,402.94070824377417,346.54425190958636,270.0963862068706,185.11708910989736,97.4876085288002,19.74485599346146,-27.407627274272865
1069,60.63709624402409,66.07039457923611,71.65610285255325,76.36809124278363,84.4866525423675,96.24813510843327,103.32916875325203,115.82407511000456,128.41829221310397,141.3891821264234,155.89902684600628,171.77286083004034,194.98554918826193,215.20077499778697,238.6482643038897,260.19521900972774,279.2976919188848,296.512359669062,319.5252648888302,344.8503057654611,364.6397094161368,387.43519581087753,413.47035937910607,427.57536152177227,446.2343346826529,455.15418389339425,459.28380953482633,470.30976637461237,469.84350527905275,470.30996677872207,466.1136559961823,463.64017266718275,461.27223791230887,459.5973044700483,452.8987361606309,454.6433405518227,449.38798156207645,447.0100948893193,447.0750850663032,446.03778780176384,443.46821827350334,440.9510044108986,443.3402674365406,443.67228591169174,441.10935139897265,447.54996480450404,447.4130118446808,455.60612496637884,457.0380685643878,467.28819659502915,474.3372232955912,482.74747443154064,490.90959036821926,501.24492494561383,504.2792681685356,514.7135770383983,526.8529707071123,537.7941155679077,553.1994777578202,565.9485915589325,578.3272528339983,598.8615621434914,608.6469174412928,625.4158539161896,636.8088684532427,650.3411675126637,671.066258357215,688.22194154651,705.7405774817651,724.5635597818934,739.7467470612153,745.7319037420127,770.3310451036598,781.364629472093,793.3997151625443,807.4379822066028,817.8041857161215,823.5588764571572,831.3333077364043,834.2209882283132,835.7269011325452,839.3442022325959,840.141027007766,826.8910234997622,824.1372963469616,808.1162333139935,789.1354690196263,765.8044160895753,731.0737467229139,696.8405395062517,648.1281037936029,597.7689205144588,532.8643230766763,463.67609754006327,378.6228299590609,306.47851746814604,225.06994704403442,147.53296953158912,80.33523144311287,18.122516396241995,-1.1172145633365749
1070,-1.1686601869778253,-2.5235176245848154,-0.8413227302519365,1.2194723221812824,0.001482725446925015,-1.903084619998852,-1.1981525839797595,-1.3708577255328955,-1.3163542661553747,0.8990301233853605,2.746403538751002,13.792201808880648,26.418602060096674,43.31403884373954,63.42271138191034,85.94300290432201,109.75936854166402,130.40814381872707,150.24407837639913,174.30015893005506,191.86197583347473,215.60216949502438,238.06229525821627,259.75963253961544,281.00420957839987,302.9274943313921,325.5530032613699,337.87681924032023,357.26833542884737,372.5008181313121,386.3483092312018,394.3289780931812,400.27794950210034,401.00352253356,403.3746569557804,410.9175813283065,418.947127097255,430.4536513958114,440.1267156092594,442.71086600220275,445.8711989384209,447.2172217007561,453.4700280897037,456.83566365356666,461.25788161299346,465.1727152507363,474.62475381522506,480.72895693506484,486.5963492827356,496.7899983061628,508.2784232557451,512.9355292515418,529.9083286597115,537.9191570733832,548.7476146210773,554.9387878571152,565.649689034716,578.8192507202762,587.6852257911169,598.1842942696571,608.4330984284362,617.2275473133632,618.129743218429,623.3976174536995,640.5278934936107,639.9316683746025,651.0584048590968,653.6869158076031,663.7505511775124,667.7384590128996,678.9856142618288,678.6471254417523,679.2497184633661,688.5371600404343,688.0763423421886,690.6433045072894,692.7970124039881,683.8692153122756,681.9527209346243,676.5936556065791,673.9071003524418,667.4379547197277,665.5822184953563,656.6186210776381,642.4447248211139,635.5793543782102,617.3874283432855,600.2507483514448,579.4170487061881,555.3117838050473,516.7381054500581,485.5886060496676,438.2459925348699,378.27081361398973,315.81073671928334,238.99976273958805,160.9691082635409,91.89508419207367,32.50646985120934,-6.339339261584264,-23.95339011136862
1071,34.661849139238385,36.31784483866598,42.286571996426844,43.66877943819011,50.48638452198557,57.135876158727534,64.8529188715703,75.73817364304091,85.08404332138885,94.10031970467553,104.66818277497678,116.30950996982199,133.99808570679616,152.5283432604104,165.5279350264778,185.07533246604427,205.2530000724128,231.52225049855656,258.3737899785742,291.755031216212,321.08293911924136,354.2150245097298,378.7539882799571,400.85830499204377,410.2032253654141,416.77501016563787,418.8717152664828,408.45926378764824,401.54296017400446,391.51058584824455,373.68237333842916,360.02475409020644,342.37211359895383,328.0754773209606,316.6844241807638,311.62334573220227,305.5183490043555,299.0730691554649,297.05177509660194,300.3000723574678,298.2702593091118,307.22188700626907,309.2026341573613,313.8809725421416,306.49901554950895,303.9739266002652,306.9631035819918,299.5080518011469,295.03102214038535,280.4674841872556,273.2915649858795,263.6395625237932,253.92856112204896,253.47629688227278,244.48485437604225,245.09416907552566,242.51758166974983,247.9922006756017,246.39787819989476,248.34510683333863,256.01508267558864,257.7890366370407,270.4436953219206,276.4496969167836,283.56162959393157,289.59343310251984,302.3088905624966,314.0669398017035,326.81601770380576,333.3618307994558,347.62291484792087,366.14238157150623,381.5761307581476,391.1747243424293,400.1236329978203,414.3889390301972,423.12740159958014,438.42565105004365,447.21394731272835,448.90543817217366,459.4409101689116,459.2029422939483,464.4229030648508,466.0015383723924,459.56461619908987,456.80305204960905,454.0686632840325,433.0774155820888,420.4512568287146,411.8489919343978,383.57467260991046,350.2596884010209,312.2138963417291,267.11902350407775,224.28624640675486,189.55744372340845,144.11412584289468,88.93255537332831,24.96287130534809,-25.474700719219,-31.383106644444997
1072,43.83678385284579,43.755900078540186,43.90363247269156,44.985721822514925,46.065340196472135,50.14483058375473,54.26741935328007,57.317338056658905,66.66290060072087,75.00628333543696,84.11988598566646,96.73345911094138,111.47300405567502,125.13463735011916,142.83472098215358,155.99841536187938,170.6602155388164,189.07057619257566,205.37566828467453,227.22963723511026,246.24465318629908,267.9888544218078,286.22545452043846,309.026813845059,320.77935771417225,335.22609048439404,346.1766616524173,348.5549441721592,349.9988891543947,349.72967434948333,344.95332476873386,342.8116390402238,335.6254753195317,330.02205968495105,323.0001830312071,323.1853860026912,317.1071724335483,317.3284708007637,313.10092762735985,317.3144690462444,319.1559316106722,328.25904178296804,330.7509326031886,342.10498974998865,348.3890747325054,357.6011553453364,373.29968698018286,378.21128886909906,389.6624680530534,406.4810263439843,419.26247634789985,433.93621368596024,451.6913261568766,473.3220430025811,491.80600177796833,507.7765245627393,528.0422255479909,544.2602914268119,567.386696496641,581.2172723904308,598.4644855410668,616.2899339751076,615.3641274523818,627.6436868520583,639.3023219418249,657.7620779196558,668.8934965259486,686.9711748656988,704.4374101742017,726.5294327590188,740.0805611457699,765.6484458193006,783.9058189422892,795.6044769800875,806.8231693682244,814.4390730266387,831.7722483250914,845.684218124875,852.3802141450441,850.6800487554327,865.0699929202567,863.2801047084196,851.259064199846,851.0194088737591,834.1034538639572,817.7195062098842,790.556147363879,765.8996083897133,727.754318786576,681.5809754474456,630.1500687273888,566.5608363887208,498.9655318397296,426.27154329719576,336.8001058406267,249.50010701923412,154.1788230490589,72.69131787715571,11.38710784751172,-17.532853166938523,-27.493324896354974
1073,26.39175869265388,29.72001254936038,35.876479841411246,41.25237274486012,48.29037621327678,61.060850835934176,72.31867803815913,88.26572259734093,104.47235977736595,125.12889250472345,141.79033482576975,157.04508489218603,170.5636268188737,185.85896521125386,201.80291393150762,214.8907171980044,231.36720397890173,245.73721405280668,267.9415941838399,287.7944449189036,304.3218722122542,318.9109876802982,329.0399269599323,332.63378162622314,341.639049445535,346.355518724219,351.01450535752537,355.1314306567445,363.41605516667323,376.5418769387577,383.6640162518175,392.99899835326335,400.0549214646696,406.88825635105286,413.34260470035105,419.48002489633393,418.4940327681933,410.6128535572906,407.58084558816347,397.9635424626125,397.20558783363384,386.9980580788173,382.2754535972414,381.33711421460214,373.2730082637875,375.1202159308651,381.21843682461787,380.84972573825064,389.1135908627513,393.98374164699925,399.63769367584445,399.7912472384353,406.5907634803952,414.16594425982635,418.7504726510587,427.6632767467771,431.6902827351288,446.5097019635193,449.8345841032203,458.5302617637384,462.7615939798119,471.8696773262908,484.01015385990314,493.16648561152226,503.5845061100066,515.3215268567121,531.9551373625499,552.2888389138983,562.5599944584052,572.2447986769603,602.4408328716407,627.1963214155707,652.5797848920804,671.485497079517,694.9959849184713,718.9629899087452,747.7102412998489,778.1098644396502,792.8144002721838,809.2021396924582,829.6425901554403,842.9765939821201,852.9563594287362,855.0955870710635,865.6881637898737,865.3564908971526,857.2897660591352,847.0344484573965,836.6718944788432,806.1741831198126,776.4522333329901,746.0363015302445,693.4183822013056,630.8891756279106,556.6668027240428,460.78248870145507,350.7542773680455,241.89513690559053,147.8855698001986,70.1523812550903,14.049191077955868
1074,113.29118728751651,115.82206913981402,117.67893498977017,118.82145813943619,123.80584791364849,126.70921716100452,132.2749787095874,139.10529761537137,145.90726824823136,152.0173380779639,162.22637031045355,175.59567957590414,176.3020104601226,188.17771339741213,203.1425280191375,210.51237265090384,219.4897656263588,234.736464331341,247.93863739588156,253.06732962963625,262.93175878056667,275.3449592749971,281.3311771039359,293.22617632186837,300.8431368643273,299.3591576553541,301.45590369676506,300.9590540475679,303.2943632922837,297.746785852758,292.29501155658124,288.9609163941302,284.6659646606921,295.84217485261775,294.46181484457605,294.7485989912139,292.55578513003786,292.3092733244872,287.8190907118443,291.59035453270417,289.512798993838,297.35647933054054,302.29864041622545,311.2405867997329,317.90973538114565,324.6231537028819,333.2296525034088,343.085000098611,351.36634288860523,360.57076425866165,370.88909865293493,374.5124587998079,392.4630603608098,399.7478114285809,408.73133454454734,425.6357095817336,439.9361941798659,453.49793829798443,462.50711987248764,478.05602484906785,497.8476839049781,513.508004048612,528.8277880081042,542.6832485106625,566.1702518717891,580.8577104528881,599.7852038032942,618.9809563128651,640.5589085471294,661.5894495561992,677.252780921971,697.3481577135666,720.6032541080588,731.9116133024435,745.6962126829116,759.3542805590857,767.5049411195063,780.5309733437095,798.1567561663926,800.660504193487,810.9405194852245,807.3541199979182,815.7694652413276,807.6489679304249,807.6104964536653,805.2973793457879,786.1805297624873,779.0387566863567,750.5518728317202,720.9696092968067,680.5101557872249,625.5318920923984,557.8377636022816,472.5286452963349,371.736419456806,262.2134767906747,165.99294029976178,82.02469334279755,21.92833749486927,-21.31266651649699,-31.368214774299926
1075,77.97946494987956,75.95533952014874,75.35762710628663,73.14621493697727,72.64599333858088,72.98128397249702,73.58323752626234,73.31648226888628,73.58157735103791,78.42911953316816,81.75071869417707,84.4377009599471,90.68478538001587,92.87207998833372,103.64539125340201,108.66839284767111,117.74273829361229,129.70390446144583,137.15033256531927,151.46294944833548,167.99803271844215,187.58783306280608,206.9300723484878,223.38894721888417,245.90562048555398,264.2225590334569,282.37885426724085,291.41828168667143,315.8709954606297,345.81152996383815,385.90995548736663,434.1527716620994,480.09636110921565,510.4343358968835,529.4425674830127,534.988061593518,516.5312543487119,496.0715754110636,481.2772384450198,465.13687268936314,457.2617416161714,441.2396324025054,425.76034714289887,409.75724080699547,393.42669608229636,391.80323076659295,392.61246416166387,402.1428062470031,410.986606118209,424.7128081476774,444.5548779881503,454.67248693341537,471.7822769965397,483.46903432335023,502.4672754906125,512.9000606778658,520.670601215003,520.2350372363845,526.2230136277444,534.1923040283293,538.0680814840698,539.195708937077,547.8012862765275,565.0024004925864,568.2500935127028,585.8846442940373,605.0934049716332,616.0767628154197,630.812145095356,644.0243043539269,661.428690025109,686.8484898233039,697.9855584456493,720.1619617999671,736.8293708180563,760.7730085744936,779.6520046255409,795.3941705523581,810.6595708739959,823.4352444554848,837.7863778278528,841.5858640703232,848.019655529908,851.265513673076,840.4022458411561,828.1136599378477,824.7696850869428,798.3065234671107,770.530249979248,741.5031461443795,702.298362900949,653.3352487413249,585.8857095338668,505.00949526369317,425.7017425828267,330.97082285304236,244.94508463324726,173.33417803911522,114.85352122692166,58.94060689559219,13.05747810918235
1076,88.96999555925845,93.7094638862191,98.13841641090632,104.86283289911877,113.72580018650234,125.29838691513991,137.3706172239624,152.47084654923643,169.39049657849745,188.6035122266775,211.9914084382521,231.9498892270238,261.21371955807103,276.2159548450457,302.66562278612827,321.9479329164223,339.7793072895504,357.52127912374027,377.51486823296744,397.87978273549,414.7869160883429,432.66948181070563,443.6016185048521,460.082313696629,471.5511131370901,482.57333815026135,493.46025079386555,503.3775179182472,508.7978712768262,505.9784310691851,500.8885379548845,492.2449663597437,486.76799319874533,476.91841172264526,473.70880317043793,460.68773874773854,455.4990992673293,445.6234476620857,438.266444118215,432.70213048880663,428.3317585976902,433.62076762092653,434.2858923251193,433.20695234402837,434.18560127083833,439.5941111033285,442.7327940734612,449.1870191690447,448.3424825028482,448.41662958408335,457.06175975339505,461.14741444943286,464.6225378693247,470.67911222295,479.20502232187255,485.8741196312973,493.9024618997534,505.0363660495594,512.1579959788918,521.2647157914648,535.1237261744309,544.957312679508,565.8909809878642,576.2470167107158,595.7446508298785,610.2906262959098,632.0891793307022,644.1554879796182,663.8629026979115,678.1042565084712,690.6120290839947,705.6907981567122,722.3809072468413,739.0252400918533,752.3399134806681,771.7797257503382,772.8876786993353,786.6949343858248,796.4223668851819,801.4770570501505,805.317080199916,814.3705056607372,812.7043191976808,811.948225169361,797.8750826318281,798.0309053254572,779.2903841322087,768.3206394170089,736.2732413287792,711.817948959354,673.0681381169782,624.0024125564419,558.5251985067881,489.0982396731305,411.38614054072076,324.2738953596105,230.34952426506283,152.14119644724167,79.75200625659836,21.847916700455105,-15.885926784594362
1077,74.20787977949078,80.08175229224061,83.34392466077836,92.81641892646749,102.28553705243867,115.51013391609209,131.2572273531728,149.15953887185142,170.04098432297502,188.57632379564373,215.55578662446507,240.22664493408354,260.20781530996265,284.49933770707224,311.08788549891364,334.9051211887367,362.1647733952034,394.0531712417753,426.1415034874999,461.80214048332687,497.91763540798985,520.8347232050284,539.2102537417262,547.4318779162315,559.705515631812,571.8731971027512,574.1173729464069,570.4051020263611,562.9817621553444,547.9198507817073,530.0532976114463,510.9472906430695,493.1153199847658,477.02566450665034,464.5814898717919,456.5366162693154,449.01543799542526,447.32361603792185,452.1710136656042,457.99372877426265,466.85207275059616,478.64351820150904,494.59873558251917,501.7068644717504,512.9960184168677,514.5132804079788,524.1627877205734,533.5173752090355,535.5545354313541,546.7802114627971,559.7202678033866,566.0404603889762,562.0814392698036,575.494833175007,584.6141763359951,596.2723804283869,609.2003641504064,622.5511230812856,642.3044757901004,663.8070343612123,678.0600743675724,686.9182753485818,709.0853400423806,724.1627592176484,743.9100037910639,773.8620981945213,793.4419108080168,815.5891062384294,830.357351728,848.1531931007403,859.5471536926808,871.5893099636837,894.3750101728971,905.2633101541056,910.4274123614845,924.2549508988062,930.3770043941956,936.4398981713113,936.3545938517918,944.4639935126212,948.5318705366245,943.1635192425329,942.9020199987166,936.089757330539,939.2534012438251,916.9968121379496,905.1225592179022,890.9414710205209,863.4210760050224,824.4354272000401,789.5173665183243,735.9572327193948,673.4297218579857,603.2342543302994,523.2590401753522,432.8188024247703,337.42728863713984,239.95703558654884,125.43009159538997,30.243538200674312,-17.024096845764642
1078,37.314614745643134,42.08700723120934,48.19264287673026,51.68226124865947,59.39760448650463,69.69509319712161,79.49727665649004,90.61909626252768,105.85258270862612,119.79741304704673,130.3046816700428,153.3012150271679,173.83295787367598,190.61484339705825,214.94098623707401,237.3644296256979,262.3031103282829,278.1419024452295,298.4421801064508,316.1194364165609,326.02304405555566,330.15567052755404,339.61553276913827,336.99943461856026,338.5835556097068,338.5657404641404,334.4363051154868,328.02680478308713,328.29799178657805,323.8048377051912,324.17168923861243,323.00820821274647,333.940915406107,332.22465271474726,338.4467228841196,341.981722502143,348.7970363603896,358.3312056566666,364.3065122310033,367.5179157095675,374.51803664004996,384.23760285420485,394.13949409517556,397.6741689678433,405.7577087507346,416.3836177391294,419.08070234623966,423.520530727338,433.3152286247389,440.64440658047045,447.50986523516815,453.0813540727736,454.0601810261411,461.46019053539766,467.08744075482235,474.34230277925855,483.33007681185506,485.85522993189363,506.13857086895325,513.329672463591,525.5034593061088,537.1192301826584,545.2372934321543,553.5554164292695,563.5758130503322,579.5176350458597,581.8719302416426,596.9966198204962,602.8641632392371,613.4914864430822,616.2676552815998,619.1220265724011,627.3147799150629,632.9476443830736,641.8659889916445,644.6763515498384,642.5329651069757,644.2117634346216,637.915669414829,641.8252639822662,638.4414837208817,635.6467485564738,632.0909273995389,635.5529653423913,627.9327355665915,626.9667151683932,612.993586434796,603.7266671132343,586.2345921076933,564.3588078396953,539.3369255952211,501.9742900851772,463.62055911737883,415.08715183519683,358.5827697097204,308.3015652403764,239.8483508587556,161.94509614369977,84.44223343573611,28.427258908565843,8.070681560394094
1079,29.747473652928292,29.043777654315317,31.87243541808168,32.34498663175935,33.34103919646969,37.21947155370976,43.073858062673594,44.203402060043665,47.73461232110107,56.94333539438556,60.397193329069005,70.52307557863432,81.65459382770366,95.98135720072244,108.7217281575127,121.92883910598322,138.93531345740894,154.8694826339555,181.37833165631793,200.25867476867032,229.32688854282625,250.01417151070027,271.55198577752435,296.51927398495957,319.37438448134014,342.6939463734241,373.5823348576692,403.3977467331881,426.2483422447978,446.9898155734285,467.601090964271,479.95100470449404,491.43054983154383,505.3970295490147,521.1679303137852,537.522454921692,546.2644667105619,559.1152883986526,575.1596315596626,582.7076986515397,596.1347327959767,606.7930070300191,611.7285301178547,628.7329564263558,638.8317659292491,649.66777435968,659.2143461035676,669.6000964544997,680.0127729733327,688.6601555465762,695.1686833817839,712.8904619454952,720.9342601401229,731.2657292789113,738.2643111852196,751.5205872154585,755.0507733777185,767.1492926452353,782.3288324624365,790.5258281256472,805.0191549780895,821.426751326491,837.7661597743316,857.1480114940863,868.6002779606603,886.7687707749377,909.129379991934,920.8279503111436,936.7103024925608,950.2077580188118,966.2952731731968,973.5117678161557,988.5715645684774,1000.2380919449024,1007.3256814630711,1017.509722175167,1033.0216270270778,1034.9643409289831,1040.2210208113631,1043.1461610123552,1045.3636937644967,1042.944791718465,1031.0129984640462,1015.4204033151921,1001.7621791397474,974.2323084237797,943.8680106739821,908.5131468685676,866.4510937365444,803.7800209983415,735.0527733422807,655.8506461549657,571.0755974187261,462.92717540733116,352.5871560828466,237.0840344063983,134.85298711437565,46.634903776000435,-13.89534639684732,-48.400094280101534,-41.57307279102574
1080,99.03532921664812,102.72464727542759,104.89373390375886,110.64270241888855,114.49896838707127,119.77108011552887,130.40277634080377,139.88713493381462,148.85076758129316,157.1165301448711,169.4143949092757,182.2343010074574,197.50279266784142,215.28578551059962,228.27021695632396,249.03416868831889,273.5196178317568,291.00798990203793,318.68638340381835,338.4592027925559,369.9916375807167,400.1488079316811,425.8478231761551,454.167077511134,478.09331207237864,505.36961821369886,526.5144817252313,542.268944383553,558.9297140521688,571.3693089236633,582.5430527599996,588.365188755694,589.4968870023436,590.4596873159973,588.1948558835846,590.3174034462528,583.9569981026099,580.2159025600203,574.0924973341951,569.7425549244169,562.7880324742982,567.6053038302999,561.5878161661535,563.0618927529958,563.4842299388005,564.5415475258525,565.5683751348637,568.3821048031264,567.7167713532648,568.1085961971106,570.1192175197588,575.340647979012,574.1351826828769,585.4167306196296,588.3263492470162,600.3732448792603,599.8380185965922,606.2570381827652,616.0023295050427,623.7228923475983,627.857364798448,646.4116876023485,656.807981832072,666.341444094261,691.1191966311992,710.2828334890539,734.0823934449703,759.6928079405217,786.7492236929737,818.1756636360836,841.0662269636426,872.6295849962298,898.2675672126096,924.7821172562609,944.9945580165579,961.019535111484,978.1061778357052,995.8160323501057,1007.003636519646,1016.5197215894894,1028.7758070000189,1025.0740394423724,1028.4847235702966,1016.1194447488937,1016.3814507811308,1005.4168159212804,979.1849558962708,965.9930512729733,931.2597233930828,906.8463246122789,866.3148990402743,806.09786600704,754.256583369406,681.4848998548978,598.4820131426688,506.05343957993676,409.18726072831885,307.1054787071639,207.74572493473136,101.74871105148814,22.69465452122527
1081,63.6059782938549,71.38505569031503,79.30068809337294,95.89623313796524,112.7704567641767,136.1591695943407,155.57118203400967,173.22861553527227,189.71337700369068,208.15888007405616,221.4648524770158,241.01275302819175,260.4185275675847,276.30627771641934,292.69723405060614,304.92166332754965,320.2337774107264,351.265803378692,376.63945568504,385.5131914277606,385.165210353301,387.5179141276292,390.9134162129333,388.22972311644213,380.6786136693325,384.947798474166,378.43419465209513,370.8414088727636,368.1104861090172,357.1516775281845,350.82268272896397,342.3593972027039,335.3641908246207,332.06602431970185,327.04584550901546,322.1165142058433,325.65234708349766,316.9578283448701,312.8741439984667,311.16814374558527,313.5184077183443,310.07163804210467,307.8237014490051,305.6347531067934,302.6724778731794,298.62374392536435,300.33797174114443,295.5910098142992,295.3802405846703,305.7284455066264,303.5896972156022,300.23566680854924,308.160172668078,310.9093166814579,316.9919177319741,323.43297441478467,334.09585648539195,335.50262818311535,352.3679007102271,360.85023701283444,369.18755096161806,384.4406735072856,394.60847834842406,406.4816435621933,423.1804403227798,442.2641276154167,452.72033394523356,478.8610981646873,494.8752377510646,516.5096273872612,529.7252994524333,544.325552229736,555.0961741894422,586.3583371258272,594.301636213169,607.5580780129267,632.481660697934,639.9349313189426,649.0299824873367,662.4557983878138,676.8740737915205,685.6211998112043,688.5558918413385,695.0057637038188,697.5276832928452,702.6875126577639,694.2308598672743,686.1542987896062,670.3282751825617,650.9152199439875,609.9325682001169,569.6788013657873,526.2453396701085,462.90626413171026,393.83081518241977,315.98789492122853,233.32784409501727,157.55568782421656,83.77252498797347,24.387073357268246,-10.483749420164267
1082,79.99784116548446,81.22097571602541,79.829991527265,80.80417966323799,87.33514329144828,91.17738539388593,98.96727700968697,104.64616571501499,114.91183726836134,128.97730898591314,143.98392563208162,153.30152590152983,166.179058010733,175.49464535739727,186.88700300299303,199.99791926216372,211.47852350486357,218.76353014624775,232.44965543103442,246.0227734748323,257.987660702089,275.6708693886881,290.8152585213307,309.37982504395603,321.03254947888433,323.95633555950803,324.53878576701686,328.0979324898476,332.82452262944435,340.86942801561884,356.8362848303749,374.94965775278456,390.7988634292536,392.5215963291593,380.5123148803094,380.5983016124613,382.1689060209444,399.6309991298643,410.5451194564742,411.67140989171503,406.7507687624297,402.2496609835852,393.01714756032106,392.1067944157819,392.53493455232865,388.96513898697117,383.28089271725804,386.2934134122765,391.46367831189184,387.30760275739965,394.9782476481201,400.49819782683136,417.96750660343815,445.0395722519231,475.17343290548746,505.33378735650496,520.5405667503678,539.912749224482,564.3920079652722,579.7158886999522,597.353009420773,615.9411560242959,629.4558474069327,629.7616124443995,642.53488497482,651.2650287738747,662.9108410380856,678.370017105154,700.9702943791075,715.6302955002136,735.2266023687821,745.5977588916477,763.5178053913365,784.9666397529738,802.3440926725848,817.55365686454,830.1573412541436,837.8424039383553,856.2868354045212,860.5078326754917,873.528577999174,885.2446337357982,882.6994812704323,884.0669437475773,883.3328979754177,877.4695074936224,872.3912548962921,845.0541301712265,829.5666433753512,801.6514876570486,764.6015135011576,717.09709082806,655.6386779721661,579.3857301196202,491.5036343877827,384.7461832619177,259.38441194813623,143.32812273862314,63.35480274524444,15.536990833227286,-9.99035280000409
1083,89.73087008562341,91.32852596400024,97.94428767502596,105.04737984792769,115.42373323489657,121.93630097912656,135.8213507543309,153.70051120697934,170.2610492325397,190.18847164270295,208.71269015759412,230.25834911135803,253.7923924506487,278.62023457155703,297.4538263096527,321.09186083882315,341.1823779780974,360.20640815872173,376.118474115267,397.053781841905,410.63648513732625,432.65616461371343,445.45544193955544,458.1893986263788,470.2348985827752,484.39031284944707,492.82272482505925,504.5957794959013,505.3400086076689,500.5353101597062,500.6034377499072,492.868745830571,488.8578901699475,479.19935649293006,468.67548169851176,461.23942018338556,454.061375855824,448.2045618718718,439.14277856542725,435.47634054711506,431.5353028225078,433.675783235782,430.67775073951935,433.6812322080937,432.1199179704192,439.9805890426158,442.7729578796997,443.18100561078245,452.3791652341113,449.63240442993146,452.9764406400099,459.7838953367759,467.77443754172907,470.22262760718155,477.3802836372173,488.93685572307425,496.5657652059508,501.5811262571142,511.3847947701806,519.0766275559249,533.5305311594503,548.594055652908,564.3953071715812,578.0423320037968,594.1016374518564,614.9851167389834,633.3381152703828,647.6851651222271,665.1719138114369,677.3143096640093,694.528062706035,705.054675905762,719.8142492800835,739.2190721418112,745.1530483565858,765.6706872203551,775.5091402135773,785.3455251494795,784.3325734408603,813.3042838011372,813.797137286806,810.9245942710253,815.4939059052878,809.3004901071913,801.7912940446862,791.5330126853172,781.3501099804314,763.1179309219908,740.4714973741799,713.8957827108972,671.1422342622561,616.1728805408336,561.2862926644245,491.0594733984127,411.9445626695191,321.1395173263799,230.56887072684486,152.4335355191997,83.07167722640264,21.66959980458516,-15.68501748286744
1084,25.385952734906073,28.430332296680003,35.932689573156594,41.71154266523988,49.22375731092039,62.664781233625355,76.42619417074214,89.07784408164767,104.02414789870063,122.15287039699616,141.5986329781105,155.54876467238807,174.50032583193436,188.92243981337253,204.32200082050298,216.9013534881576,235.01028806805874,248.42230456534472,267.8199983883649,291.00394149549965,306.28940046927084,313.82384499468816,331.12662227498674,337.43813131044203,345.382602061343,348.44577428524815,352.2448845489566,361.84408796955404,364.47780122925104,371.0822611429317,383.5946752899498,392.6110913490335,401.9952189052629,410.36957065858417,416.09282755505757,419.5014421864987,418.6149301919231,412.940587141593,405.66929827899065,400.3951593761656,391.16326346419953,388.9001596392651,380.04348162085614,380.37970775721266,370.6707817457758,375.26301924317806,376.8759933896566,380.1859768928602,386.92133370046065,395.0299352000983,403.1506913577114,403.58875541482723,409.47949091649815,412.50878553761805,420.08128549348186,428.2149513499245,435.1920814383508,442.2321025844776,441.644227789472,454.413142960097,461.1193649321181,472.1452309355672,474.79776526986467,485.1916968501504,496.3896754033191,512.9219642324693,529.7022348617919,540.05549020969,562.7540101280425,582.3612705242389,600.33403689478,626.3255131312662,645.7508178024017,675.9171496953966,703.9017617761316,727.2505481467805,744.1514719374471,776.8118400217763,798.4267745965986,813.4282925333582,828.8215904936623,838.3141423246719,846.2407204139794,858.5300937752594,858.5119482733786,860.8830422298449,855.3952604791152,840.2690870528597,830.952066107836,809.3752052781348,780.8127125282809,745.139471730472,694.1150875861676,630.5201028621316,552.4994665890281,464.39314152770504,353.60609169241195,240.02413053407682,146.79474762016832,68.39833480941898,13.706673087237679
1085,35.14170458970454,39.6491571516262,48.515616084598314,59.79716275007341,72.24060379267502,89.91681613695827,113.14957973685397,133.41527110180877,156.19040367290842,183.92412075253614,206.95282305117072,233.6075280877913,261.44422632263473,286.5567257414422,311.9156456870115,336.8980846917847,355.488854226506,373.6032788246204,392.088004819702,405.27997260759844,405.3448647099116,409.92345065034203,405.78618035375337,409.96517483799846,399.37066577878403,399.4525317377963,385.18989364430377,379.84380919415906,374.14047065362126,362.18896566108265,357.6233650033514,346.77860810451705,347.9214930407167,341.957432808149,337.6487208135977,334.2079582539061,331.78794690115177,329.3940060165864,325.9784447967688,326.90378301212303,321.9618859469301,322.95169241012553,320.7212161212759,322.3193236617444,318.0665511050095,322.5731312444783,320.3904585957004,321.32661208856416,320.4379272442884,320.00372244611265,323.7306605510278,319.60469861387594,326.41487673852305,325.05683793703867,328.40114516249275,336.96060500580035,337.2488919449903,342.00181516456166,337.3918808202164,356.07037476970834,348.6648683856226,359.82116396464465,368.9846628592345,381.72150633594435,382.07141751928793,386.31964032147874,391.5362423341897,396.4596300462283,397.51618119294733,397.3067311380991,403.9803718641345,414.0300419768665,419.55803181550306,429.68829452942794,437.90735646165626,445.4016506955523,459.4607487904983,476.36111805506334,491.41027206978475,507.8793371592634,515.6044042944874,523.0441833229625,527.826685072182,527.6282379995092,526.5523796286766,529.4570805069758,515.8862163869511,502.999676389074,488.71449025024845,469.44405812716707,442.26595726397676,415.771823262008,383.3287782522707,340.5064530464494,292.41851600516657,225.04709363655294,153.3013660843471,79.93220705058444,13.77764270215678,-28.608253899156516,-36.22555506072633
1086,37.42337932589458,41.68429247408282,42.646751908717455,46.482643616905406,50.17255198471457,53.39098369136124,55.58038100748179,62.7365869414256,64.86091186827842,72.59226276674589,76.69549790553863,82.47219063676857,93.61201032667188,100.44646102098253,109.73565036069998,125.77390799185225,142.89685943578476,157.80042481668127,176.89936228570195,195.6637853199587,215.35259659988586,237.34516099785736,258.75846301988406,278.57577686882934,299.6449337034369,319.3880070077958,346.0105443713556,353.37480728843724,370.50152188862876,383.43575407204,393.38870983868713,395.05479737189705,406.48499391650074,400.2753249100366,404.15093802757355,404.14353634429085,400.3910004177012,396.30818467355743,392.95905086863246,389.8246821025405,391.63111590476507,389.9008822064051,380.75545498096227,379.06058302512645,383.2268121163215,382.7428476505463,382.2065331725426,389.5208934492233,392.0015054334134,393.8820223993996,403.59234453801304,408.50639778430923,416.24816890955543,424.99035814641854,433.701941679732,451.5670747667432,462.88366628826884,477.97006574149725,481.4770719050307,508.77145405585395,509.25206943674243,524.6345350323895,543.1079504630719,554.1879555133456,566.0314549201473,578.4168563863807,592.6427140513335,612.1061968309315,627.8111686989929,642.0308677217351,656.6665913883152,668.0350764588931,678.3742983636546,693.3847690371978,699.1811616590613,716.4858194528117,717.1101920691425,734.1269025124141,730.4262417088249,739.8873231903103,737.4435154493721,745.1184723898381,738.4899395896432,746.3385439648215,732.8075280695253,727.7799017745954,728.4727379123461,708.6690964612468,694.0811332060098,665.4591600604255,642.6257706592191,596.9507922610941,552.8716410376253,490.25066529228815,418.4669719614485,343.56601111055437,255.7499654734946,184.25736616958298,109.39812232864973,32.84791653801994,-8.241031614801523
1087,91.7574290256827,91.9816560628102,96.59370365450205,97.69645111541462,100.70748865308757,103.40293299143049,111.19684845961119,117.9294295963451,128.42943027798626,137.66993085166752,148.30751477841568,157.9101518337556,170.65232956954583,182.33659284664523,191.32554108691787,210.696253966285,225.69660385439678,245.5845598030263,259.2822383787728,275.51069090862126,291.6048089681341,306.9084674877568,315.8720749649768,326.29680881083834,326.30434344309657,325.1752407123657,321.1243844051918,312.99245889005937,309.61264700787325,301.61202899906044,301.05249424591085,296.17148761851064,290.069627147339,286.5962855876382,277.8701268716304,282.4838459454193,275.46661760060755,273.1896641928133,271.7882111494792,268.6882542826909,262.5775962679044,268.7216531023435,269.71881340954764,267.10845377967723,259.6600214040969,269.51445920484656,271.84693526047795,272.90272210249645,270.64930091581834,274.365456783818,264.94556568592736,264.66888348360175,261.8411177062321,266.07455621271,270.5321491621454,264.3386617655571,281.2865451076952,286.77931956443416,297.68051421698294,309.0371734813776,319.9862452764208,336.230551714486,349.06312875065436,359.7323045541587,384.22715162226024,407.0565998890604,430.4888866535978,451.8567022104426,479.5429325420607,502.53636586101027,524.9726835175144,549.2012778008391,573.9469555817459,596.3202394920305,631.5262632920171,685.0038751457163,719.543157005,722.3716161431676,725.3344351640953,746.3891025991312,750.2980746373653,756.3891566911701,768.7157446034604,773.7816257669655,774.7889455481901,761.6878500690881,753.1236730381167,731.3733090752606,713.1011976920055,678.4848910937046,641.951128398078,592.3761884665372,527.3277616185705,458.90868883300334,386.5167376049985,302.91469748490675,215.1941461318745,125.54317079723245,50.915710772127845,-2.843507958194545,-25.497524839533007
1088,171.31614271304616,173.1312050464841,183.0049284508515,193.8528213211879,207.89844204343242,227.5312766531984,251.93762746500963,278.47207570969664,313.5256834454959,344.9282156542826,385.1379530786857,421.46541512453206,454.90588935201265,493.09147625122387,525.3230405979333,554.457067973139,588.7657306865104,618.8528865606482,646.565848148873,680.8458179104862,692.567876721485,716.9899411341314,738.7256429519274,746.7208834092132,762.6526665229425,770.5826587013072,786.0940506366301,792.7926795047315,788.8007930558849,795.9885640962501,801.0590770657568,797.8381677720265,795.4739253783201,803.7651838612297,807.9548742609219,809.0986100348351,795.0710517755002,801.2676481200278,800.514632694005,797.7751811691955,795.8456699926413,794.608472013051,798.7083406163179,802.0815513864619,801.5242169990428,800.5725201145062,809.7281443320767,815.746475163572,824.1637787717609,820.7747272408966,830.0320427577439,833.929077284503,831.8493211544253,824.4636939976098,822.7482178787141,809.7220369346259,804.3525017082386,796.0550951474344,787.4482066121943,777.5898441380382,763.8854259529627,760.0944318131409,758.747675516039,763.861815589008,770.1861755157839,779.5164204908733,792.764709681204,804.063992976343,815.3609797309894,839.9075078201015,859.9499163656324,877.6111994317392,898.0551836570561,911.1009700210333,939.4539710773417,963.8425794672033,984.8763772315149,1011.5161474813156,1034.0544549409212,1054.691254811095,1069.1120661576106,1077.1248079417446,1081.2778663951792,1081.5998943159107,1079.2901348437301,1072.6523436314994,1062.4256576216178,1032.381700564179,1001.5028572365401,963.384929881583,914.349631506688,852.7896824970803,771.3471457311754,691.558296277408,587.1962379216247,469.58662391535296,329.7087537289674,188.41819351090652,99.0812904154439,51.391407700121235,25.508359163733836
1089,86.14447523468398,86.0170572303803,85.52209225233052,87.62270481680164,88.56623646926698,92.16269728111305,97.04353825066435,102.47780839589478,107.2090118733156,116.72468123840578,124.82177334255869,133.7846046921807,136.37885851614794,144.64601225295246,163.24020671646167,168.5781077556047,187.14086575786635,197.96320659479093,217.83212228808603,234.07504632249035,256.6589151343972,272.8495501743444,296.6167536369012,328.6854940803127,363.37368103401127,408.93916611946685,457.25607522053167,498.1106059976702,523.1254262520515,548.3576950494147,553.7546456739702,559.8412242406273,567.5072821775648,574.5532104979367,578.6279406620392,572.4127124452488,554.4954038627657,539.2753222502434,530.7414780636882,527.8283141285875,523.6459583791426,514.7532712661865,510.62380561938886,507.4847880374392,509.2592333280576,502.9447809134543,511.4129073872047,506.6657732662932,517.3717503674518,532.0485930734993,537.3047033229911,548.5979755120989,555.6164974884499,566.5844415157283,581.74139343505,597.366672156596,612.84288125125,629.6520189208222,633.3847305113302,648.0036506414289,661.436612960996,674.416680177875,686.6994924915437,698.9637358792432,713.568529709311,721.0526653946985,735.7581708592074,755.4547326950508,776.46286598284,789.376650168228,807.6993940301458,828.5450919879833,850.7474683240687,865.1678757227594,883.8182324463389,901.1718233364087,917.059321003958,921.8044672594851,932.9988880886018,937.3338455430422,940.493263557757,944.3428507292517,938.774004686257,924.0522114586288,907.9057743574623,881.3794663757022,847.811632122817,816.5268782362126,772.6015679852095,720.6250117805364,654.2729115628994,586.9902993424674,510.09221330068374,431.8631020910223,351.685849524286,263.6467785644743,185.57703413388325,118.14179443700456,67.74076583924254,24.696348739907563,-8.338664639512553
1090,56.53264862049791,60.276220864806035,66.60206840704149,76.34893041510801,87.18351474943985,104.46512193324351,124.83089024711688,151.33162771228402,181.9317267891646,213.01196958043795,240.48201650070897,263.6003427160331,279.147237098874,293.51910721849566,306.90912725380736,320.53143772435544,342.4554251775443,371.68157828842703,399.7137105716431,429.005722644655,457.19867659932254,479.9928759216768,490.5823650811025,504.20300775098985,513.9983627388115,514.22547264076,523.8787417185478,530.8696786382382,531.023657703873,523.9153656804385,515.8488032666494,509.3172767270909,504.55017752122455,492.902345494667,485.34008033809624,478.7704391437053,471.1823597403709,468.59733024052576,467.8091806140689,464.35024475417976,460.5436273204507,464.58780099018696,468.2441608687233,473.13358070109274,479.4466658726116,481.62668287016936,482.5755800164942,486.1142394947502,493.68781889368256,509.51489636550747,513.8413651073123,518.3264713106759,533.3559405315285,535.8662430859634,550.1341780149103,563.8786453745598,567.0949057812185,583.4822188515949,596.4460624048921,605.9774029104249,610.6278850742457,633.463823992718,646.4635761037431,661.747138536445,676.7586638262089,689.1389409159219,704.8164816733513,726.0114519979071,748.0519979794827,768.5895607960557,793.6795216459374,808.1290203081893,823.6236126458526,838.6954464883707,859.9365506086665,880.0651722745,890.1627377808898,903.5373712277222,902.8792217110173,917.459617299555,916.8946969848757,913.3775831793758,911.2357511277905,902.2180124945211,886.8721958674136,859.762022271509,838.035078607124,794.1347466194251,746.625670712344,693.6407561815645,626.7790905806593,546.3255483487469,469.91970207926704,393.0661283697933,320.72530180898445,250.29013562717958,181.83555104290198,121.6636573438553,75.71039180059631,43.82421128883825,20.64645153204665
1091,88.771739543754,94.09147236527775,101.14466690848445,105.39357305136731,111.82979468163362,119.220764898937,128.6087913174829,136.40280783014038,145.44107670695803,156.47223440932137,173.27637122901905,187.54402918279362,202.89822855441636,228.65480486095916,242.06570349562404,267.3786515341276,289.13192571366807,316.01683408820895,347.77559307944796,375.6967208260521,400.1702891510579,424.71443359785076,441.6895940403058,456.07840334293275,458.2688707112014,467.3992412399986,474.1090487562311,486.7241688464504,495.770658129747,509.9039453746913,513.6956286197167,519.7485102777923,522.7219567388955,524.87313228228,533.3408896860567,552.054259648819,566.8437591683579,590.820096519534,611.9138245960652,633.0293441149515,645.7233153373957,657.4186817381799,664.3646963010261,673.4725875321116,680.2832576584306,689.0266866045658,689.3716499206228,693.0366626790277,690.227937110454,697.9580200553069,702.8550845349918,717.9712616697313,730.2295209447324,742.3786870185688,757.0862922733942,774.3103075552751,785.8654637145787,808.7230719575177,821.7098195500943,839.6324527049815,860.2336556937315,877.0540675736786,902.5607726803698,918.8016697551519,934.7964932001953,956.7464467078498,974.0935209058521,983.3031791748075,999.1603865947997,1012.6151223547758,1017.6069538738187,1028.79024545917,1048.9915722747432,1055.1986371209123,1060.0747654420177,1062.7409888301909,1059.6564596168728,1059.819069518837,1051.4969811409276,1048.9494152501034,1039.5614914430241,1020.8667677323673,1002.5195473530912,975.3921293589858,940.4007446267269,910.5485331433116,857.5592732896561,813.2101941760245,756.185116858404,703.6618002109894,625.699656481652,546.0323664293775,459.0888170127141,376.4651358686132,297.71096059026587,217.95711912101746,135.55932160779523,62.11373624465909,4.8371987188153485,-31.64419224539224,-27.167366094673163
1092,46.965129743805484,45.83601964556517,48.5236645250802,47.33204006166497,49.07746524030737,48.20764221240906,50.89634614685854,54.56566143542007,57.175655449836704,58.5923722887836,67.47238121059536,73.6649326403052,79.57500786703885,86.32189621955263,95.27053237163818,107.52609955197968,115.58069171101505,127.31978812697795,139.2418978728329,150.38073891636046,176.59862265660226,196.8802338510053,220.4182629998196,239.94497205942878,265.201815831032,279.11495744379806,294.5369249400079,305.5928901455876,319.4301937325916,329.1918480731996,334.80957470495895,338.1848144893174,343.97983945061077,345.4987112754006,352.9239612710782,352.2817306398082,353.9849251081673,367.8150012054721,374.0482053962871,380.3892559169097,385.35469897694634,399.8043091447247,406.9092934446387,422.3418610657618,434.73931083740797,447.5851085661081,469.5984588528475,476.67416313067565,497.75723398947486,505.78792958571415,520.233708820073,539.1104124883242,547.5632381174622,553.792802714082,571.0249120142632,585.6275113552251,595.5111717256523,600.436147551905,611.7230059755126,618.715255305776,629.6860264340221,637.6720269892761,642.8532769457871,659.5899273269648,667.9929540054754,683.4610863491836,687.9025142225349,702.1298338903755,721.447533910667,733.9588137407973,733.5704652291612,738.9273743542759,749.0314027835016,752.635443975722,750.7612359959039,757.0360357549055,763.9141194407617,754.432582984373,759.3526713581832,749.1144728678885,743.3176269399781,737.9580278836062,726.8818846232948,716.0815086416344,706.2287538435908,696.2907086687429,675.6938510689096,651.0812162646663,626.5289718812535,599.2272518537749,554.9763246272108,514.3980741781805,465.47203365095055,400.22484932383827,343.8691416495218,277.02261855907824,208.9477697637508,142.72611517170012,73.21362038233211,9.245811429588787,-22.49322751489114
1093,100.13443735375749,104.15243311053054,110.13119743266357,119.10967715098138,128.62937052421918,140.22815688634083,151.84969654657158,164.55454759643973,180.94173835526718,196.0961769752103,213.07726589249197,231.5641339121383,248.75767385951903,263.9208535472538,278.4634642753772,294.6607211686345,311.2982193995142,334.6458813429366,344.0515466373723,355.78010383373515,373.6291842135286,390.52494376694705,404.2388001429748,413.80223065959945,416.6879357200096,416.3297081052573,411.80064688942684,401.64896963795536,394.50627987371735,389.6247140561584,382.3945723228181,374.2261664083012,362.7030344247776,352.686618707345,343.64275977210207,337.9423391528101,334.83700971265534,331.1122361225735,331.10170793085854,329.6524155963961,328.6782114105215,334.24147922794725,338.85876341637857,342.30185680731313,351.7908540561906,357.5806852190935,367.2319924582118,373.785766394788,380.6395054770539,388.2607560255644,398.15260199729823,415.4750194468775,422.2861469498927,437.20914004419694,450.8275171525438,459.8006143592242,481.2380248726424,491.56837916096316,506.5703154191091,535.5283040580925,549.3217537797931,563.4211278147072,596.5586695532967,605.8678535124534,627.384120109797,654.612219156828,678.8628283581611,699.1350055018755,721.2428260604565,740.0790519124428,763.7610954220132,785.773842751342,803.321878151663,822.6232337302849,833.0720633332401,848.1504944193882,858.8920554843462,869.4127502859528,876.4456501628375,876.2867313085992,879.6271921353298,874.8583771590977,872.559645453145,869.8759556633025,855.4960754298431,848.2016277597658,836.1080326005628,817.9466093127771,792.2355956322148,761.9491730089587,729.0343868540816,681.0700354174766,621.6186312536228,551.7592571934871,465.0618172666903,373.9018757347062,272.2263372399466,177.8979795823933,98.96046143376331,31.93395268535849,-8.564839129125998
1094,92.70840621454859,95.51109199276347,100.43485256347302,105.02633087116715,115.59429005765891,126.02261344680925,135.5773481213434,150.91251083533828,166.05756640204382,177.76216371759037,193.31021743729832,211.35502342126972,228.1180280784793,244.37208632810984,257.7983019345455,273.3497385101541,287.3548376579102,301.36140932278795,317.5147930027611,337.6255108322592,358.45169860558434,371.5561048154552,389.9953458112261,405.1835084901206,415.07894631201617,426.11191047163703,426.42874136886354,428.5198459444271,423.71678275437887,423.382392503672,410.22472990715653,405.3617493776289,392.98513673769935,376.9297087545574,364.01466801581023,347.5892878772736,333.38818235691303,322.7909449847941,306.1655830466328,296.50888422406223,287.4775374382339,274.51257001246404,274.70122757200284,267.21518238589164,266.6313428521574,271.769833728345,279.9791560856645,298.9514679237959,320.5119248947926,335.96328066413315,363.8383872203595,384.3478601754983,404.21532195684,404.78920255699495,417.5891654242818,422.66832892751074,428.8044068032905,433.7092342419469,445.7729161009818,454.2299491108233,473.2535405543918,492.6630821841285,518.6056590112053,550.6168021570977,571.0136547552702,593.3593183614413,621.773507369545,642.9436125269974,669.7668702845158,694.9546321948702,722.5406526406274,728.2081082877348,764.0658826348448,781.7883904490395,803.856560960097,821.7660644098528,832.0780566476936,848.1607962494076,864.4603956669234,865.6304547870077,867.9625421199236,875.2721009414836,877.9397206880678,881.6469775203143,879.5201470790702,876.1236288715857,860.1214083686493,843.1189744873723,821.8359916330212,784.9432258531374,750.8138986573667,699.6842880485801,640.0730347698249,565.064645625962,473.9143132353667,359.11392133829247,246.57554275751033,142.1356383799334,60.17152147675768,3.9636039117416684,-20.520157177172837
1095,73.51920228829242,80.49676788163372,84.87689024964463,98.06982299724152,109.4940337547515,126.76832217464744,145.66385289837172,172.57018695981316,199.54323355937382,226.42496013340386,260.0969626478096,285.4487846288226,309.40863897412237,336.47916336977187,354.1505307201412,380.465591090953,407.23405615519994,435.6097669097034,462.9147095154474,490.00450538765153,520.8303883612169,550.9714317099052,576.2605484017414,600.624825003434,617.9210430344057,637.1904509497692,650.6147454738219,662.8955633309307,661.8995058823689,665.8083690265457,654.8975732328842,649.9361426762968,642.2709803114348,628.7643272261778,617.6166387606966,603.5410667305481,596.7533228739837,582.2637648515076,578.8592104807677,570.5141931996799,567.2914722706244,570.2972285783677,573.7497231701042,579.1011840767673,585.9510470199422,598.1038763926081,605.5729299899773,620.8264041060902,627.152754150372,640.8783492284584,655.7053688891106,672.9497729967703,688.7712807453647,708.5895203900661,723.2297867484756,744.9165302520634,755.4975930511764,770.3544410194486,795.8307124809837,799.4176022563886,826.7412378032154,836.8008466406498,853.146326322241,868.6593301873477,886.0716602861731,900.4262991590199,907.5200218427659,920.2582805562831,936.196842861102,942.042267680462,964.6566359189501,976.6875797364288,992.9422105867094,1009.2853638279624,1035.0754535499134,1047.5749144637648,1062.8953708897068,1089.6503541545824,1106.8241070430613,1111.6684596198038,1117.2336264834432,1125.063993506576,1121.6683939177442,1127.2107083418562,1119.5078732465092,1105.7186396897898,1083.9866235317375,1062.2131281951747,1020.5484800651632,974.2874145136299,914.5773261680685,835.7102708662538,751.4544975503869,642.7599926417396,523.4462796705913,392.39936677997173,271.46731362203815,173.2734678092787,90.40494452413125,30.448202435055087,0.37884016598985215
1096,57.72588847435563,61.07779709886787,66.896384688744,77.2460214062443,90.42875356518849,105.54106425531101,123.8233283115186,153.17034821111702,179.5276571807624,214.55870845628164,244.12460181054172,261.78057180435883,279.28674102510104,292.68127045444174,308.3328208137724,321.4354765108239,348.29529409247874,369.7981980865237,401.2905423902921,429.7641528788907,453.5328983749682,479.05512161739415,493.61334444223405,504.70490016155605,511.2843727167023,519.9301662160278,525.6283906760518,529.4192795169802,528.636140752818,522.7168564517718,516.5431191923942,508.9703776881884,502.7965888407796,492.9701904090839,483.94859116446924,479.90582683624746,475.08759262284354,469.7278999872442,467.95680810180426,465.255077904669,462.6375445778455,463.18347202016423,464.12220829783416,471.23344007627134,479.26298754443457,483.79096588827,486.9735948701084,490.9172215802967,495.3560457084371,510.79709357394233,514.7236134558377,521.0331501962434,531.6262083634806,536.41721722155,546.4862824212184,562.0118858887577,574.1446614771256,582.9709733137995,590.7799115279003,604.4795430369667,617.8740867313624,632.1873333878665,645.7405229924861,659.7776949821853,670.7103758022835,681.6816043453008,712.8414234519634,725.6457871622899,750.9818794216242,761.5278645821152,789.3027743788444,808.149078471386,833.6965725309658,845.0341300494558,860.6791425817875,872.9803060438576,893.0919732278801,898.4313015698003,912.6304413133075,921.4040289288669,918.1049853938274,911.4321344312392,910.4332884457529,898.9468617048461,880.3366829680388,865.989101197293,839.338134254223,800.4919304933668,752.9177626463058,694.235149106103,624.1269811573417,548.0291688705589,467.83046149232547,394.4009652393195,319.9462978428601,248.36212954371643,180.8259686205264,121.6780115371127,75.47037009737474,42.88757357678519,19.91616930307333
1097,88.56235214114402,94.10995284246998,97.9608562176655,103.94007446644274,111.0289896450618,119.76266025364082,125.47824952457215,136.12185470209235,147.55374318273263,160.09556522064958,172.9945603887902,185.2372432714052,204.54071493439886,224.69276837738542,245.08530648589516,266.2879886812282,289.95537975603844,316.72306004829505,341.6520403438208,377.629002876826,402.4807012020193,424.69691672361927,439.0266948160207,454.7335058894879,456.157698072104,468.4040292052537,476.1654906428096,488.43465666085456,503.1693887416645,512.161671374829,513.391256453604,519.295450554953,521.3636716163917,528.1214016682337,536.6477298185283,551.2870310142797,568.7034561279063,591.5366259024986,614.1819569583071,627.6426943292964,647.5285692526187,656.2341065094396,670.040638762307,675.8480311578476,678.0276575007888,687.7368211550263,686.6018943922303,689.6537488723148,696.4909001954765,699.3603007532761,709.2588716578466,718.1189032164435,728.5490391007878,741.8565375976327,757.6100856067204,773.7819765433997,788.2310949427921,804.0175464360826,826.0290755202705,841.7799646445077,860.6079847608318,885.2606965767808,901.1335520191448,916.7191643031606,933.1280638622172,951.0753178551946,972.8290207277091,983.175665461792,1001.3914304256162,1016.4451330874808,1021.750209318842,1035.541823879975,1046.1949640043656,1059.1117751625275,1061.4337083676025,1059.1558456616908,1055.598212663794,1060.1808076482478,1053.3811765240584,1054.935595937589,1034.141584327781,1021.6210861752575,1005.9553016429127,970.5098695434887,935.8288672877424,908.2269631446139,864.1937709418632,811.7842761840669,763.1206112754495,702.7292192819621,629.7768313762764,545.4718585056022,464.79243119816226,370.06184379003236,296.29761525343076,219.1577642710368,135.58832547017755,61.981691818222174,5.43902170624763,-31.72798481022372,-26.54236938607073
1098,46.87885703914173,46.83703892918919,47.85595101111688,50.067310185934076,53.2663935598796,53.960094261170475,58.357794662173845,61.91373468083431,66.31839460946253,67.91149617863016,74.20177883157594,75.80952078732159,80.05215984013725,84.45033983747142,96.66580957343112,103.55440796446887,112.70947590780088,121.7267138914912,146.10250959592238,171.03907177808247,207.03113192247875,242.51792196941474,274.624353245731,296.70836582211786,312.9095166553779,331.8211972566216,358.00647935403794,379.9881318146376,391.1746056132912,405.72189271488054,406.17390524010966,412.76925883433756,413.03072017165886,407.40815076948354,402.1196556887676,409.4477504755703,408.5970875884553,413.073163594045,420.4275192545493,425.93600193924027,435.1383242762867,447.2821060383861,452.09350344856307,459.9889524980368,474.5797609957055,480.64579972421586,492.4976819858976,502.4433237176729,509.531003999587,519.5931684494202,529.9141248095218,537.1238109858077,537.4986339784854,547.6284257595751,558.5522616260586,572.016663778729,585.0305452350897,601.9128993974617,611.2613763150775,619.2864237415001,639.4751966032957,655.9262156648015,666.5868031191683,693.7077240771533,703.2342163589846,722.3198690439568,733.2692023542825,751.1385572596766,772.9000855344855,785.4392867486085,825.894143013628,850.3170809859656,868.6036238844836,891.7191336172607,898.202343266431,918.5078010892521,935.6942000179863,952.1141540143767,970.5260553415812,985.6453294706405,984.4035772785098,989.4572589468654,991.506300913139,995.257540504617,981.6277615148226,977.112538575936,964.0668481895464,934.2062136293206,909.9689644379782,869.7518511175862,811.8331217974552,753.3063319045633,679.4340713323608,594.6144211855852,507.80728349589384,411.47662115790393,309.4008291455471,213.25588695384496,124.2319397079025,26.9930698231615,-12.707146869204731
1099,41.7051335877066,49.35304722794865,56.91777903755731,69.08656626682534,81.39598567969068,96.33581422818443,114.73020491567821,135.33590257035664,158.91784239588122,183.90580190489385,205.35474373574442,231.0172370167728,251.77412495824044,277.99051829886736,301.97612521390766,335.4169497191788,358.17398646958037,389.96142575267896,423.619675808333,449.20657253592145,469.3759399995529,489.97555893041306,502.9137794955649,512.3326023635709,515.8437319095831,526.2839639157982,534.122685655644,534.3819559163037,534.512139112978,529.8117985844336,526.215924372523,514.9413780543275,503.66285337205073,495.6699957251385,488.0548480062054,480.42722991568223,483.0130929137835,482.09189269677375,491.9737441473781,498.1795681489093,504.0736708744544,511.28978209030316,521.8139409177908,533.2003517388096,540.6142532150939,559.1942514868808,568.0021109376585,582.2113747154027,587.2082751641373,600.7325169770135,610.7603284815157,619.1479361853941,627.5959126603581,635.496039070048,639.6778221060176,655.4849112575434,663.0801448849512,671.453522245939,682.8675413980537,692.3812949346922,705.483797305287,717.2977685609122,734.2487563285254,752.4876227919839,772.1557083108669,789.5133569155671,808.6488903995635,831.0843319703635,851.4149341875915,867.3163993337077,895.0816217957166,922.0479904682962,951.5457738259189,966.7239500877268,979.524053733954,992.6760728866333,993.9070201008841,1013.2709251314304,1007.4589756320274,1004.6266840923357,1000.2000226696658,986.9631952107909,972.585464862039,944.3037217871059,910.343982332983,871.7520109363327,817.8153888127734,771.1685805593387,700.4959583752042,629.026992036205,541.0314195401529,445.9865937885769,351.20579869712486,250.66051235440423,151.1492017163235,65.80970184307638,1.8400478072463609,-44.798169720804744,-68.30207557896992,-60.85223004858723,-42.791072003503764
1100,-1.3797600426185577,1.2350760303564696,-0.4014705252053618,-0.01814350439850923,1.2474530196070743,0.7951776358897727,-0.5265487710670584,0.1532282069124218,-0.03337689589504611,-2.194821993417698,3.819686100339821,11.799281951023916,25.326101230190947,45.81598239175439,63.829951871631444,82.41916970325566,111.44532985292557,129.11984233893037,146.67664356282341,171.342545399686,192.21216699245707,218.46271348717147,240.6854465734857,257.8292491482756,281.124676367,302.80774104595673,315.1234287541642,344.3817651829035,363.5875903937663,377.2732927134683,386.55881327583535,395.92748064976513,401.20890656175993,401.4381751424072,405.3985643817595,411.14490751085697,416.07017925332724,431.5134239019534,433.98089476909144,443.48099108793906,450.7588821775863,447.25560886701516,450.72723811163667,454.68328654474425,465.1016474668226,467.17390627784886,475.2799849875986,482.1100895910947,487.12198969110295,496.62174943672244,502.053912525695,514.2862469987989,521.7176258782273,529.8004822915086,543.4221371409435,558.3917006174742,568.9517353374924,579.9056428202806,586.0278752763035,595.7366196294984,606.463659230163,616.3412491391409,627.5050908937303,630.9316096840435,631.5860245543365,643.0421086155492,649.3022235335496,655.9778151832223,662.0855228289395,667.0120760237463,679.5171217031528,676.9332788164457,680.7958879476205,680.6399746754508,682.9754765200469,689.632710484543,682.6567231199452,686.650864736104,683.2423799714524,673.9807572660056,670.7504411058935,676.6602593059149,665.7263046797538,658.7115640730456,651.5677296119809,637.8050390694619,623.785439961043,599.0598590360933,579.9222465395426,550.9074136941141,521.904780787698,486.9231846737299,435.2363606325902,383.0238596205825,312.6520196060203,243.22020093646032,163.86713915579404,92.80143327505394,32.68503956997319,-5.758706254024899,-23.76331284578983
1101,255.6565066588296,258.388745742654,264.74137952917175,269.99126221341237,276.9377957119182,282.42602787624867,290.17640287686385,296.0779803648071,303.5962155120521,314.43077694175713,328.50916477218016,339.85609127651253,358.7940558975783,370.1213718436842,380.56671254428664,392.95595721391004,408.99032684447377,425.42955453755343,440.04771286385727,455.1953345526194,459.7214443743312,455.31632910157487,456.86628427615375,460.4083258840211,460.056637961575,457.0678065772663,451.4617386789808,440.73427022160587,426.76758338891824,410.6079138336713,397.5494129417317,385.30854944231925,367.7241205552641,362.59171022476954,354.0059919949867,343.74073888867014,338.5009712977772,336.1324016172789,327.07261582174755,326.88562602929574,325.03475792384074,335.2151320556528,349.2105964678203,362.0001021434808,379.9852225392143,399.3708932230971,422.2851242428327,439.69513480169104,461.46480227779006,477.3721745740408,495.9106870382279,513.9544929198336,526.1353059634833,543.455825964733,553.4490720671996,570.4412841844638,583.299475519471,599.818168683425,617.7831879870381,628.8437156116371,653.4893107276948,677.1094086180848,698.7120497262848,716.9730549359539,737.1925624038288,763.5319669186702,775.499288981097,802.0056418004436,817.6497561107071,831.9984935798446,857.8073740827346,873.0459865189657,880.2728391434788,894.9068624852041,906.8996631189248,912.1800964426824,923.2730500458588,935.1334185451302,942.0381924567283,935.2145905354715,940.4455726794146,934.4150234439647,936.0137410610025,919.0908353458334,905.5009110868723,881.7986193054111,857.3966326148327,823.0243547253742,773.7967313329518,719.9621164297174,660.4635344155815,588.2688372387486,513.2626724323023,428.3642003759642,345.65629479369005,271.83533193376206,211.14539437032778,153.53001623541897,95.55612693002595,44.76670520354274,7.6093096826541515
1102,113.23449306520715,115.29470727431068,116.45431330239357,119.12430130119142,122.47078060014749,127.71925536214457,131.2808905263479,138.79871717739655,148.42011394559856,152.12478719569032,163.34504358704484,168.00753314167343,182.4802876184201,189.1703517213208,201.08527866016,208.86010249799378,222.2715188203828,230.71806162489804,249.00533766210077,256.10902713653707,263.99391801987576,274.1896165128947,278.6500341295757,292.52821611765347,298.3239479223265,300.7446950559916,300.48249067207473,307.8323060904464,306.30249283151295,292.4895802866397,288.4856606087074,286.07872387592937,291.2547972728042,293.36397915004113,295.8318339150563,294.5245849420869,292.79762401845556,290.126418709023,292.5017569185627,290.30774511381753,290.8444481618431,299.44363835814494,306.5857099950303,310.98163826512973,315.62007837317526,320.59332119340326,333.5479310776878,339.6403114368499,350.1478496095434,365.4175511309431,373.9683502309645,378.6427552331185,387.9954021495706,398.7048979688579,407.82145314803074,428.12059825964735,433.79373972628645,451.1138483529043,462.89521724099137,479.6559571631617,496.74916170645605,514.0941675939404,530.3131936721212,549.9751823483734,562.6697799862083,583.5803044874847,603.1898343991865,614.5014015485035,635.4540276091652,658.7392895328894,672.2569096623666,689.9627500508554,713.9521775830558,736.6395462252983,742.5279514339837,754.5846503280909,770.2183955702986,780.6429450122253,796.2539629162118,800.5624284892964,810.4309161188378,811.4163695518336,812.0293684894968,806.9508226498866,813.7290170234642,799.9078964067777,786.960996622014,774.232837086492,750.7591660868806,715.5699993901345,678.492309106006,627.1613490904294,562.2262863872206,472.70656857088096,371.4412748054345,266.45765877626974,161.13761110665342,83.77875560122037,21.592666539381458,-20.09113720762207,-31.661538534075163
1103,46.62799232088206,51.19236859374139,56.21024513203423,62.66342558906206,71.85799053029815,79.47914573699612,92.68661694375751,104.86272424223107,121.09403539677365,134.52536405494325,158.81441563647206,178.9102872711162,202.0415622994859,231.64200974713293,259.75012719877117,289.82426583760025,323.3896221550941,358.5894178040093,396.8618827279722,426.76934318732117,449.18983254628694,472.1457712968761,484.5705511037972,494.964267282787,503.7076369356062,505.8875834249756,511.329942784843,518.3102813220383,524.4441377564474,528.747909558494,523.3105239054828,522.6919523339267,518.1239590120356,515.5736597286011,511.3180271861554,503.9681555471938,498.11509591443945,488.80310055444534,480.3005834886905,474.67123111767665,471.49538255821756,467.67104270799365,458.0081929989367,454.2020865851544,449.005135994482,440.03981895229634,439.39644175113534,438.7685492426092,434.8151006412458,430.462326602826,435.3067793250904,433.16277432318594,434.4265954920942,440.2025742637202,441.8936998331226,445.39805255185126,443.9854218039228,455.6699565830375,454.722374620151,461.52170093001655,466.9998362608542,479.03935953440924,483.05952644458006,483.8372414458648,496.062753476881,497.6662044862183,501.87994459552937,508.53153612333296,524.101256975285,527.8335318260406,539.6159107285653,552.6409609632199,562.9754387553847,579.1086175189745,599.0542580203532,602.3102617608573,619.448783974103,624.6800760131596,627.3186818514346,639.5339622130131,653.9996359323043,652.3190515021972,655.8838370280668,658.5431088214328,654.9024016433837,644.0855657978781,634.1477875354286,625.2008454815087,603.6390995214581,581.6284552261983,552.8965589775926,520.1210247766509,480.4937426087963,427.420600116129,359.2894762206648,278.0838146021447,183.18372205519964,87.04677604092805,18.170310349710114,-13.656466035279596,-17.467510209362732
1104,91.97898218517761,94.61758488017315,94.75297183829989,93.49488235321223,94.31506871282413,93.07681314389973,91.2399416748122,91.94297481407636,89.16643026268378,90.16775611441038,89.20143669141139,90.7843600363964,93.95679011402035,96.74458855463227,103.68090730837791,109.10551340881106,121.55234496195548,125.55530118860338,139.63832462317166,154.8041145663209,163.63761365002506,183.89931376297818,206.00405051662645,227.6848147428608,256.37994134367625,293.31407394785333,325.6036876994286,370.8976299606435,410.50236002309884,449.1195331015477,489.24143658262864,516.9507291371839,539.3209258581758,564.4574145302956,582.6684483713249,599.8531866861794,612.6890190941667,625.7160495141272,631.4339205853022,636.5568139559648,635.0835497176331,642.5699677215525,646.5203271191372,650.2676110478346,662.1863872483231,663.6696917293347,672.3564019481212,681.5584663219963,690.3191758846465,703.3415362860792,712.4799319299249,715.161442316644,720.5477908212308,730.4143400157812,732.9527020405379,731.7685429074494,746.6574484953383,752.4098391235459,753.4070498814086,768.8866582002042,772.6185306639195,781.5044282692095,796.0557096156833,795.4772612457048,803.7725130832392,814.052574300386,825.4130592835628,838.9066779010825,842.7066828377837,852.1319023772519,858.8171527300331,875.8546407956077,892.7046063622114,912.4932739903396,918.0631579483761,937.2321172626537,951.8380544520076,959.6525067531317,974.6604834834194,984.1605624503624,991.5437602904625,996.1457689338981,998.1208200525346,1002.5627015420181,990.0086173407254,980.1190166576749,964.5467850723064,937.2394068561017,899.6812506786576,857.0130665148126,797.6186289601169,727.9664890030638,644.653749885471,557.8605879477159,462.26989552728406,362.3626678964824,266.8955329672032,166.99501020616935,59.18419030822208,-19.914348965027713,-36.774363451047925
1105,274.2507143611004,285.67063009558905,300.56355592564717,315.8913491952095,328.7406679385803,341.0598389658128,355.32595043705766,368.3227829284298,383.88067660009915,398.869106306986,418.1491592848772,439.6393603219291,459.71992332838016,487.1111202428183,509.7744793508194,529.7324442553829,547.3040968033683,556.0837897621475,573.5648608318639,571.3904568118155,570.525219538404,573.9835861592649,574.6016943783081,577.8394616277272,569.4372879605792,563.4293774148956,556.6333697941591,544.5246249421368,539.5497104014156,531.7995545615418,521.9614898136915,508.422772345334,498.6163686487967,484.2355722228684,472.3306050866864,453.3543695105167,444.20021375846665,430.9157104001341,413.92739208152307,404.0288749673186,391.4536363641692,382.5304281202281,381.4239088652045,380.3450359341883,374.14427966135486,370.7231137481315,365.64149365901454,364.40173249560473,359.07147778200874,364.58309394891967,368.7136769637376,361.165162297134,365.90623373152005,365.4863298225058,364.9678614217707,371.92987391854274,375.3227821569042,376.67121061190466,383.6736737467554,389.74757756673137,396.5917603476798,415.3905035086595,420.9088062157258,434.2936516970869,440.45264364947,460.3526948920573,480.3706173021176,502.0763437392496,523.7847801885957,548.2877248897618,570.0719541687643,598.7408646522543,631.2936061536457,658.5356937724504,684.3280927714837,701.7224244260052,735.6409020394007,754.9434527289968,780.53234072275,802.7399309310238,825.9872949528859,838.4574150714028,844.0390356385153,852.3324434932921,860.5787336152374,855.6145586045214,844.7834802918826,814.5875307198419,794.9979855281006,765.4540790093812,718.9433413783911,665.4967597559603,609.9164606715099,539.985096503978,465.07159326897875,392.8198224799553,320.7751679266323,240.90970411277556,149.62381147654463,80.94823180254149,29.08020775330228
1106,14.856693414989316,15.62885753953039,18.545797444668686,18.75504906698316,20.689373900936083,23.32858082651974,27.635578650648498,32.60080946878764,40.739652113271994,48.873136546302995,54.3316155452363,68.32882778629491,79.2781891697955,99.94645099432321,121.07727477168312,144.88019069833686,161.83588987631606,193.84558140087248,207.401896748092,222.52465867020774,237.01828796532234,249.65864237583233,254.7151123797811,268.82802611032156,275.5192206597708,279.4040501209799,286.22796440090787,285.07203095383073,288.49059100312684,283.7064736423406,279.6358055015381,283.9787553262621,281.8112956178832,280.9387653444401,287.37254283124554,283.4748324426996,288.1203437952928,289.5005369828595,289.7606984554898,294.4378315795889,304.31252476695033,304.6586252065344,317.52242865118046,315.78590767368274,322.04423475570496,338.0651813931754,334.8149820659022,344.73531756420124,354.93333791970036,360.7702165023263,380.1345606647292,387.6489647815517,400.5153087220572,416.9763750653494,427.95268426571835,443.2356107578332,459.6949514082413,477.6167681493438,489.03267992621585,503.4946852697706,519.6024243051274,535.9468319414524,550.7798202890937,560.0039335590842,571.6952971407571,586.4096060432149,590.7729152971491,606.4960732489939,608.374148078568,622.642420865239,627.7891499320078,637.6123412893907,639.3496356504406,641.0564084416076,645.614692035358,641.8725091313647,642.1097990574212,643.20314978595,648.538889378343,639.5382986847255,628.6484086923531,617.5773604514292,610.0381207941697,594.469622382902,571.5629991749538,541.7444397885497,515.9296085964407,491.24347803229097,452.17698030816075,417.66907706389213,371.60118659606275,328.2684494380656,282.95614031049996,226.9194999007422,179.27408822960052,120.05228577472018,69.93907528474497,20.065357486702364,-18.882548975943706,-36.42692099773771,-29.56867117652598
1107,171.2864918581559,176.13514349914755,180.14888228163935,192.93936178766376,208.44646970344075,228.51676988429375,249.46318475220937,276.88607977705504,312.71328014836683,345.594025352833,382.50944440603524,424.6814372643098,459.9110135283674,491.8199830316995,524.9150277785078,561.706986076095,592.5854159170761,627.7180357374176,653.7184549591442,677.8706082017087,700.7151452627105,716.0914226450794,730.8094005403719,747.2929986067065,758.6154677807331,774.1004923322776,785.036163286543,791.1042343230221,790.5506708966266,792.2655169341231,794.9182859930015,793.0965856222714,799.8514636089891,799.137522348596,807.0454845974549,799.9569803383677,796.7201031851067,796.4372372719534,795.1935200715847,798.6427440903311,806.4207037696742,800.2174484681036,803.0295936350739,801.2691449138417,806.8586570582859,806.1920936268407,805.7513148568464,812.7822706984889,826.2652985470697,823.8746248007824,833.5397208257045,829.9261752675832,828.5587565325341,825.753273666828,823.1460356642722,820.0430231248563,805.7368007202076,796.5884499539574,786.4233392789023,782.3697844590292,769.2687324777042,765.3085707306045,759.2090963553608,768.8313716846839,771.535074881234,783.5192055450826,793.1665145207356,808.2348840809295,818.6032093978714,836.5326698088284,860.3366162662912,875.8947293522596,896.3895874804826,915.0826433943423,937.2871247111772,959.6589715860157,985.5075856110549,1010.9231730551064,1035.7631110930904,1055.6514790483766,1066.2603620989887,1078.0524801866422,1083.0259906871822,1085.0287223607083,1078.658686901808,1075.205686445506,1054.5252167740218,1033.578135443199,1002.0635473678857,964.0042463656446,915.7691680818798,850.292235054943,775.3441604156174,688.217146732357,587.2272258704052,469.44127326614944,329.8798631034932,188.11746005578593,97.85382491898692,52.141965764299954,25.24850891893578
1108,9.938763829739933,13.140402802786157,18.159153178535927,23.70050655586009,25.577275233827592,30.65126131598811,35.86045576520822,39.764149178973994,41.938186220599924,45.367650886467395,47.85841736127547,48.766342845019,56.28902806976542,59.94230026718123,62.620821423533776,66.64394558608912,75.1441469120376,83.97834809418573,86.08367005595672,97.48429841629658,108.13979117351596,121.84802829002898,126.23894363928888,139.86306269724116,149.14648067218963,156.85018042279913,170.78161619317171,180.3444523999245,191.0928981980414,199.22044266476857,203.3318895185387,210.1135577221193,223.73920682692585,223.34352311941555,231.43689867410777,235.25026311955506,238.90295777384353,238.91330322775934,242.07436473936986,251.79503060213273,256.6978373518785,272.64738641028674,286.51912651961254,302.93828499507634,323.203675156707,345.3865994305598,361.49744128471866,377.5811197066729,402.9638579105257,423.1510119863538,444.7635689412935,462.91091216692115,485.4119349782836,509.69935670573346,525.9420442591021,548.6104462908705,567.044457232979,575.7667610939848,583.8750559375096,609.4866759037943,625.5082542324336,634.7191261771899,644.1073302984464,668.6091475792049,682.2508060492038,690.8674275018019,705.1570655543575,718.6263321126244,733.4050191432433,747.9907565551822,757.5052051295859,762.4058166070544,781.9993143198717,792.2131897349288,796.1925394622242,806.6884459745471,799.7908572782072,813.5960654515019,807.7574630264195,814.2567607465476,800.9072051160434,795.6336701311757,782.9034431874061,769.4374388316766,758.886824283812,729.4588578781498,708.9679942415172,675.9798558636094,650.8154531992435,602.4866344305777,564.370253770169,518.4452957445038,465.3441474379107,408.99084245582713,344.8706614882563,283.16435830507015,221.9853628582618,144.54543248639075,74.34496791514486,22.56349140491838,-0.9428648199859138
1109,110.15347664845608,111.1585628226606,115.11247169764351,119.37239172630358,118.66112325626013,123.8252062051994,129.03323946757158,137.25128671136446,142.39778137689504,145.4898652542273,149.39358303111663,158.90324291930764,161.94958242708404,166.03413900517307,177.36056372657677,177.88513339553543,187.65905769561357,201.85895320698592,208.31360783656717,217.37856788859665,230.28451658878691,237.14862697860494,247.13098060293424,254.64423077511861,259.3190640022515,266.99070912057067,286.3301926705844,290.8137686611687,299.955349615135,298.0815267825206,298.361660193323,299.821336332265,298.59645025916126,294.0929967997115,280.5695466571674,264.09539319260375,245.01164411284438,232.5626531204147,222.03649452843135,216.00803800664215,212.8952426551098,219.81258522937586,224.72219405396163,235.00768076096966,249.45089956295845,269.1324799074266,291.6043169115563,318.1831208906637,337.99514350583496,356.9740939371728,371.60426187188426,390.80133832024245,409.18103445657835,428.06032973388915,441.9581162871857,464.9731837330886,477.16784520535373,492.97839938580074,509.89567764248955,541.9843914676401,554.3491298124475,573.7763069501458,603.3104999785904,620.0945714666533,641.5611026436661,667.6079594204034,694.8904194888001,717.2875884519333,741.8969442028848,753.6889727204696,780.6663635594625,792.0682327784896,805.1417682935758,810.7157673749616,817.3610758389309,816.449845497325,821.5179304939309,827.9564164800886,815.5339290487447,818.9550551345718,809.075399070651,802.5248605123112,791.1804727113785,779.0699980270858,772.8869196398309,752.0200387331439,720.4060714850344,690.2344103332567,671.4229989410563,625.2628983702281,582.4796000681823,535.4692412175394,486.7853674832545,431.678942512779,376.3587645228898,295.1916700526884,200.9949891410958,114.3832757678173,27.90134698101039,-32.475008814996926,-43.240654424652675
1110,117.39694926342918,119.41714025487074,123.45272963109339,129.4934984963355,139.1877897482874,146.22534224017537,157.69032102758158,172.09211290204934,185.64833266094726,198.78277528683122,210.88720267746922,227.1264207098577,239.41904817795952,250.95539762618742,261.7382892728012,274.87919579522475,299.83155218134124,316.4758855045585,339.62662382203,358.96459420944586,377.3755224909129,384.82049073353494,395.71850624149783,408.88321791123406,432.6614446257855,452.5659323265785,471.98300765683746,477.6545253011847,473.21693785876397,469.5969553998634,461.1315165449671,451.2713483946778,449.7168786857158,442.4488303430827,451.30600635368864,452.6377359718952,459.1206512278051,466.35965670911474,468.7634976759892,483.8064732779942,488.1015190610126,496.87616317567455,505.81048318804443,514.9546001644017,524.1692079055325,530.7359645352209,540.4596568775245,545.2663270041473,554.4482480969651,562.746140724282,576.8405867194061,575.4806168974679,595.5447472226923,606.9416320332234,629.2755109722582,641.1374919889436,664.1422221442853,681.1253015798638,703.4892924300926,723.3430958562145,737.8743066799376,760.1195957087406,779.9716499322278,802.2100595768766,817.628183593022,835.5431872049828,859.6405287091627,885.9812653279289,899.4613904891834,922.9297613294219,943.4217698322998,966.6676723301937,994.9099778503812,1015.2634153115398,1040.2747739271822,1057.2057388141288,1067.97036334941,1082.6839657642333,1092.802833404476,1102.3413593172895,1112.552221891722,1112.3844534478892,1114.3339314341663,1113.3954857864885,1094.005853400893,1075.7113689537691,1052.7274789510093,1022.883019663248,980.4990929846683,929.1932069652946,869.856909837405,805.4813818643238,714.6994171275148,622.3939781404397,513.5467719536119,404.4557049301569,285.149472585774,184.52650390403787,105.21747630367446,45.52355818928009,12.152236602129108
1111,81.77072580206374,84.80971026178577,84.27272855070014,86.12219027808261,88.95207446452262,88.28844423495086,94.2101953775901,96.69844535318374,102.04758309701178,106.89027428073265,109.97578493470462,117.10567508935362,124.3450169599079,132.67603878848482,138.5405243672741,152.97896022499918,167.1737749078819,179.94045586110065,201.69396288906864,226.74140277045476,246.6845130906739,257.13984320956945,278.57530671457874,299.3845196066896,318.52094720529396,331.4735227520881,336.7379078805425,337.2870701473758,335.7285255711204,324.29363707033866,316.5499787822959,306.62637876356183,301.93249431540397,302.6923746029226,301.7105964620157,307.6317958734822,314.10396976459083,326.97534824112716,326.868379393388,344.4621297258775,363.57809610998305,381.59397520044774,396.2350077168574,424.82918545614183,443.49190476222526,456.0293636526092,473.60572537289596,486.58686069338,505.9601258807015,515.8240704469808,542.3984689110949,562.2056277857793,583.8967222285414,606.6109154134134,626.6496837732491,646.5678758881365,657.9261910248102,663.3619636508541,672.3216007855424,678.1121768585068,689.6969688500338,709.4099273647685,713.1201678572818,732.1631839457046,749.2227273820977,754.7176527299858,756.7843805102034,763.3436694193502,776.1682523948755,784.731897581109,811.1758028928323,819.198253132734,829.5316028199868,850.3509649577747,859.9745077311134,874.5066427952339,884.9338834574984,902.6408778449565,922.2760881793304,930.3367735302918,942.9595002740924,956.5311748849258,957.5297030680189,963.0437304467138,959.9229387330817,948.0383928702679,944.6769030652049,916.8860683838953,895.6547969016729,862.6520631277142,818.9770278016507,763.2640185367641,700.8966859487484,622.2021610969359,535.5661727506572,442.40412411595213,343.4023806898572,249.6705440763776,164.9333640740573,90.90034550319254,27.861603273868543
1112,26.485401420626555,29.047510457568418,34.287607698207076,42.68494558836274,48.477398559034285,60.20147664267131,73.38838512723588,88.73028017065523,106.40128194610469,121.29962999007202,142.65752069855625,159.21891151129464,175.63566714742842,184.46770604340233,202.54956940727791,217.45914268525084,234.53903767272305,253.46516845053617,267.4062694654117,286.5557651386223,296.99310089987864,318.4563056967512,327.2071989327932,332.79822884269566,343.3758660293248,348.9235104117425,354.23690537859864,354.43055245075755,366.30605477119565,372.8502247713312,383.055048702015,391.97257431802194,398.47343859897967,411.3113327756917,415.81648067768504,419.08913891037645,415.8025182404488,410.36732423695497,407.75393812835017,399.52356480178065,397.362980625549,387.4773916899754,382.7173179836123,375.36629162723256,375.67838100130064,375.4917693232477,379.31250318849106,386.66278161068107,388.46340839789644,393.8594709022669,401.4872479751955,403.5403875835994,408.70604843489934,416.8430257580485,418.1032896626052,423.77855399104624,432.1037418048841,440.4590986602328,448.564468222469,457.6453945847864,455.82455039173254,465.64199114531357,476.2862566827965,491.31214290119834,502.3110994332922,517.7032783066833,535.6873066563746,546.8270895852405,558.9869588324023,575.3508129298024,605.5056331498896,627.5717637501583,648.5741742865705,682.9893671110325,698.3984358956667,717.4707389011858,749.9502848063852,768.5597765388613,792.6980390065326,811.8631139140412,838.6364704605671,840.8223821308251,849.996033254295,859.5734399859067,858.9830816453937,866.2156394362573,856.9162441826634,842.5310949752936,832.2852881575132,809.9425710100379,781.278439786336,741.5967970718832,693.2190882589049,633.7057042736624,555.7696756690613,463.5608027312376,350.8189420776547,241.41840135068543,149.27952464806242,68.72109278096485,14.439404464632254
1113,74.99787116373189,78.71939097205302,82.7844958980445,88.96204845385941,95.01585359718419,101.37742482123457,109.20640387985794,119.64528736992185,130.9310312595524,140.67100342919306,154.80498679921885,161.3331368907269,172.71869751386924,182.9634145184815,193.96970587931028,209.448221566311,220.87300290375515,232.9635866906883,241.73005041706557,251.3710804802744,256.12228738609787,255.19886665206656,258.6528232746123,264.2161110735969,278.1914932280312,291.33836928061487,320.0176254800561,342.3462872089675,363.2274595657549,383.5967502902542,399.96419241782775,413.47811460042,423.27099453252714,434.6576156720409,435.97776916436914,431.56004367849357,426.9402709851221,420.24912908409436,411.4931726706939,400.1388208477539,390.5027633831049,382.4990179490536,375.59060024607777,372.61605699470397,372.93510044979405,368.7182819374441,382.63893426807596,389.7269366656762,400.9105153557952,410.8591287581137,420.64784151325733,436.4168151459443,450.15606932657636,466.0813323234514,481.7325241219835,498.39301123846207,510.17524242268854,528.5067700783325,542.1206361173586,560.7651417343048,569.93409970117,581.1567053205199,593.6527832323382,601.4920086633894,615.2055498364898,620.5609113843639,639.5045469965863,649.1862376682328,659.8045195766197,670.6677495400905,686.8432201039991,699.0775977183431,717.2323967035501,723.3043731824897,736.8884812244819,743.3419963011331,754.6400096669566,768.6384626503663,778.9967803776295,787.1984478985402,792.1035515184852,788.446414414259,782.4355376162865,767.7172769255932,757.7491920886797,729.657062719113,707.1339900949617,671.1596976635403,623.5251211309886,578.9019031238068,513.8518303624473,462.5452561199435,385.26659521825195,307.2711232140821,224.86629664052,140.27551486957745,65.9045006445122,6.906381577333034,-36.42592280793361,-58.38350604695179,-34.009142814495476
1114,85.77095377443722,90.25925167473294,89.38765037117739,91.79585689082558,95.56214612133718,97.7719504994653,101.21907756857557,106.53514903596283,112.67952817281362,116.3448184869505,126.61564563140044,134.99142941250813,148.7066300775679,159.45055893105908,175.55081695653573,189.65088466514382,212.63890777416825,234.02275276106798,243.85004236024074,268.3736016124941,291.7111777988947,309.60449646247304,333.1929616713658,351.0359722926808,365.5188294795049,385.3163054700524,400.1484547235484,414.46511400118226,432.6373353078179,455.95257905248957,468.10621504059134,492.0427858767096,506.32618378376554,524.9564356583935,542.342858844738,554.7162488246463,567.7669826290993,576.6147461467382,590.1063038403574,599.745562457378,615.3357298449599,626.0851994355016,637.1966713464564,649.83587597949,664.142574851516,672.3503030984783,688.8835357652335,707.7758891018974,728.5588348104076,739.1434888164863,759.2160940073607,777.0105605048963,795.3398811972397,807.6703647706333,833.0949787833065,849.3023888991038,864.2201899907906,881.1089763630864,899.7740507692415,916.4374936118492,928.9331934843586,951.560860887757,981.3342700538095,988.6040576058554,1006.0834542542004,1024.4537638275585,1027.93583831882,1050.6502175421185,1061.053736753797,1074.82029958951,1091.1510276944666,1099.1763758132304,1108.5529161117763,1126.3774460558338,1128.7294139387725,1142.8831088804907,1147.5734413160574,1150.9089390611523,1151.9972638897657,1150.2923127866723,1143.7163828345538,1136.1852191607784,1122.5120271277588,1113.7085767664946,1094.2642735833306,1073.4963756374932,1048.1092603686589,1003.2255923204581,954.1631369536359,903.264501622226,841.045506286897,769.5827248798277,681.9603986425699,586.7563046675976,482.2794317416114,380.98547099738494,296.08477256109666,220.80208403993723,128.71676208379083,32.002486166251764,-13.618399764556537
1115,33.26612559672737,32.04288001904349,35.5517363385204,37.87782949928393,42.11110500166438,48.06751392126186,49.741477698737825,57.56725982529573,68.08379382344552,74.9154466517934,85.4220744215775,91.01237942639436,102.19237064131633,110.2952939639629,119.99589822041425,128.68024510517873,141.7768093752549,146.7598437534058,160.17652105430804,166.06923640769287,170.16336979145234,173.28044278147763,181.09846091104927,182.54557305511221,191.8828888494083,201.83713399843683,219.38554969628035,231.41517194959437,248.10753445475623,259.62480043252816,273.6929550310886,283.6662804990793,291.9229208975301,299.1503469378665,304.13472402576065,306.3806930133151,312.18618797660304,307.7318658474376,312.29659216799394,308.36925961855735,307.6612381357396,306.9881113136542,299.41316399655693,298.31195410251433,297.66227608643,293.65174668359055,290.17017662243063,293.91866159979367,291.6033689259897,297.85443839513636,301.9097621036315,304.9654254873863,309.31285025502814,315.7763340505868,313.0177938727145,320.851845027739,325.82690806831494,335.92707987407243,343.3281590621458,347.59527446626987,355.2840987632404,357.9332596635642,370.39841719981735,370.0273986606093,373.2752316670988,387.0328352278284,400.9392531302952,401.6082540509402,413.04571914423957,414.909805176326,427.4148541889171,429.50134937017697,438.42351096231687,450.6649373518181,452.89063339318704,455.9425681201466,458.9727743130031,464.66595455597104,465.10730646710516,472.15047627745975,464.6466262881092,471.2601885417412,467.4956404876849,477.07857542705403,466.06644141247426,470.19898189011724,466.6333313458688,457.57209291812677,454.7365333565655,432.19528509414687,413.68729042644156,393.8789556665524,364.899785821941,332.3592135870796,294.058569699427,248.30563783970152,194.17631451941466,152.42563064017006,109.3992593900819,73.01556686717555,34.85261958063478
1116,92.08172760340118,96.25339679025137,100.69842826983694,104.49247438733522,115.82659112331977,123.18132928846934,137.30319612226285,151.46091271295555,165.19688947552928,178.89424957153565,198.39689171591786,210.41466175322694,225.76434673866925,247.3869264282921,258.17960311821423,276.6556352055988,287.2311724957701,301.454291038285,318.15103754671503,337.9081853163336,355.59071252252176,371.8343233007253,394.12741820189393,407.19339634246444,413.6561254434527,425.4841640808284,431.0389755198217,423.52614540506096,424.31352654744717,419.0753495734716,416.00652913972704,403.2868842850934,390.3748249171225,380.73314439863185,364.73208609137157,347.4144645066751,331.7394916072186,318.2438644549871,308.4228347103495,300.420726660984,285.2624902680761,276.0622288032166,272.4983129082088,264.9076707854431,266.6482101344442,272.5991737990401,282.0594287092996,296.1633043871843,311.26497437610857,336.52988942696123,357.97319328762757,385.8254585405956,399.6568685472521,411.8740887531329,418.682508278687,425.3696223018216,428.50124865532786,428.179379446739,447.44929826784045,455.63840359438586,471.40330231309053,492.9227034502184,520.2462780831711,547.8772140082921,571.5181102668428,597.5567019756038,624.4005467086971,641.6752741082182,673.4607852741975,691.7612578433083,716.1516389041602,740.8679370603087,760.5855774165447,779.2210310319532,798.9414933094753,816.4571808417966,836.7839082337583,853.6897157165232,857.4741483914542,870.4147955704077,876.0811365546202,875.6865276564259,873.71623930381,873.6083032171285,873.5782198839547,870.9949897100194,856.7103513050781,838.8864698713776,811.1962975761272,785.9037464110263,748.4793943967927,698.6155045681353,641.9248003328183,566.9013577346673,471.7008456789048,358.36903541977307,245.91766906295038,142.11529251633135,58.567346837932526,4.368930938339646,-20.102042448050174
1117,74.04972783090405,76.00490533396437,80.94168710165634,83.99871171005232,88.49058984021664,94.4406255455682,98.5994545817001,106.34375728140976,114.82463976631134,128.94486706539305,141.52770519525822,155.95867923218174,171.83640820016637,194.3872735904071,211.58072673409367,231.98736577294355,254.3414203573789,272.6953252459174,291.590799082378,308.9067272310407,316.6801583199235,329.7970267437071,334.55168167638556,345.1080285527368,344.9249489979038,344.5967376611025,348.28814638689687,346.11733001293214,353.10527286642485,351.4288513942978,358.0748999646326,362.532393754164,364.68814569938615,371.34318847423583,375.37219259671923,379.26528107161977,380.044036100475,384.6045366864589,384.6522833136987,391.8471076982717,396.952567508851,401.78637818592574,403.293995404108,409.8957307560936,420.0212964224127,423.9111614606617,436.5882333105981,449.1928058473015,465.2533152807865,468.9568009017375,480.7339777204198,490.29370046064116,498.6507768853888,505.3941620427835,509.1604875866136,511.1197396419035,523.971204945006,529.4991643623689,537.9373453559282,549.4899196381749,559.1685868511919,560.4977403524277,573.3117745421386,580.934303203443,577.4016667559384,583.2063926738557,582.3940074975989,584.5445428049823,593.6634042043924,593.014730948096,604.5810653875621,601.7227310514772,600.5359062596978,601.0954130045372,598.8773032906414,595.2220667342293,596.7465617044272,602.2147161851545,598.315856359056,586.5364574984454,588.2848145185674,586.9374449393983,583.5458278186838,578.309108695267,579.2770053397948,570.1127415963747,564.6259932996406,550.2363479781112,535.6200743995333,518.9723766149145,492.2270595127284,466.21740025178974,427.2555884825252,388.3235154107709,338.3373928882951,275.8362659657265,214.15585298016907,146.1503667023109,73.11216923140407,6.384744222749538,-24.149283350407252
1118,32.096029406482394,35.05345417896201,37.68579385445443,44.749354635098534,52.54262199782799,65.97261160730169,79.74347411593075,98.22317271917058,116.86440370561412,136.39812228762835,156.09282887329186,178.0196477437194,201.97891755566664,225.9819583082308,242.16868015154435,253.21288372358538,276.02070156616213,290.37258119942715,304.3066182646971,320.05015782229435,326.4343077358696,336.5340237039248,337.8505790030666,339.08579821617053,341.9366655058909,339.97838007789153,335.81123576794334,335.23448656766584,329.8765824627635,325.1824938459199,322.3431125636585,318.14941718373325,319.03423925827957,314.46831196390093,314.01439679088793,315.665515286324,316.8061850636398,313.12127332604655,316.5126532426173,313.1107390004389,316.0168311731798,320.29264948497587,323.0392676742529,323.58989004736117,316.79027008001975,314.6979109375055,321.7440581758971,321.529433041194,330.8065932843997,335.2650703292241,337.01411086368597,353.93742832998663,365.33752270672136,377.6237926922324,390.3266974327362,403.59656031177997,408.6220607863916,405.4114762636716,406.82322991386604,415.74937602188874,410.3711202255309,408.70651666520655,415.5787700367507,415.6512293728838,419.0157194303682,425.12613881349097,436.41218017884347,447.81356806971985,457.41533142199745,463.6412008229069,476.33274332168,490.8010245695006,500.70323401463077,518.2649710522187,534.3199785067117,546.8010615727576,560.0032945312936,564.6499597889903,577.1239795978474,581.8034160812388,591.8170629577303,599.24935869645,605.3135986367881,611.3605467744384,606.4798006867618,605.8475038381451,605.0284238912649,598.7032330331309,591.9852774509193,573.5148023444842,550.3158184627978,527.2145255019051,494.6096320782653,455.73364095301224,408.39430800176075,343.8022675623947,267.69715813045127,188.89033153323925,99.77562560440634,19.710741349576146,-27.358921571059376
1119,78.96076932483105,80.28240913840439,85.98016345108181,88.29454517909332,91.80333285937026,99.39848102357304,105.74864457845408,119.82054569280855,131.12562096787485,150.07415889334484,170.0175947747817,199.41300713344893,228.59414700129543,268.43559687901757,304.9475986873512,348.4006228539802,387.6423613137957,433.9224260542347,478.96793588007966,514.1391271551753,560.0581198504061,593.3697272654938,624.9460637919994,644.2164598097522,646.8664497808957,641.848568352512,642.3986322948662,635.0861296493595,615.4483706701097,602.0984163953507,582.47031679433,564.5549120644476,561.1533246496736,554.6091201963936,553.1463551304342,557.9095556233551,557.702133719499,565.6215514286039,571.7352038404122,579.2796506078593,588.7915510706506,592.2729291251497,592.9957620918972,602.7632945204123,605.9943713534216,613.3720698449307,621.0821191458542,631.7143457085808,637.2136686155587,641.7377628964945,649.2643848893632,656.8625738778305,656.657755318805,654.5226012687697,661.0995102066519,659.0048837866564,672.0477322490419,668.6585525729283,668.4547344581637,676.7126484752562,677.35508932335,680.6824412303483,688.4676163238188,692.833410864929,699.1765590052019,709.3597500260494,721.0595616322639,723.7308667463394,733.3324172543034,749.505140524359,757.6492123525395,769.4115782549147,778.4946549301258,786.3006424070627,797.4694425012968,812.1808434025529,828.9689454793162,835.0382811242526,853.7786750403178,855.5178504896714,867.4633516371815,873.8615176386215,884.6695210894792,886.8418203286718,884.9965148034872,885.2468591105833,879.3261425288034,861.0275799097766,845.6081771871818,822.0089119747116,782.0367225028842,742.1005771566896,683.2346829886136,612.0055526243314,533.8005132533888,440.97904453572704,347.01772823999636,244.3148259516256,144.23987216500743,52.17608639234539,-19.851467541562346
1120,41.0602883023832,42.00536511846343,41.447348107408516,42.78196621972493,44.64308370803817,40.66721041212499,40.50787379853573,42.76106249031113,44.396470304474946,44.091356738201,44.960376750975286,48.46015558888028,48.599848879127116,51.94709600911682,50.88288864218066,49.46158745701789,52.749606008739846,55.75071875202888,54.50178915135008,56.50975701521472,62.06850067948133,65.68588904409086,74.14389302474977,72.28009425924184,82.29896136604114,91.82467826963969,102.46222616550116,112.21067631156241,118.02379957572273,139.14186512249842,150.6205148038675,170.2362659582107,183.87507247297557,204.06778639968576,211.01096181363846,219.08152747943012,220.4027956021112,223.3749874042435,221.14979113908345,217.42561241724448,215.40860568930327,211.29969991994284,214.2693189753417,216.10398250295322,219.5085038595036,227.53929490857644,243.66253973262934,252.23324865433528,273.53049156342655,286.71077330617817,304.00839336661784,328.08413042931716,346.6738926751464,364.0286782145371,392.55684212581605,411.12260998074555,431.66142723799754,451.7737574977215,469.74761216445006,492.17323019748363,508.8192698974051,525.6777070840078,557.5048340778683,580.1124330404713,607.321652377821,626.0063255378803,648.7843769282014,669.6298507494608,694.7954147779396,716.4164068114997,740.656779339488,759.5086515893538,783.3094309096622,800.9900395018497,834.884645888636,842.4013540727199,869.1526445038032,889.2367866701744,914.7100061752276,922.1386452599176,946.404778583325,955.5677092515305,970.8426089754964,976.0830149530449,982.3015653651203,978.7989811002583,964.1374299024981,945.1061526693248,910.0123873985924,881.790128754178,828.7891476289776,766.3390005349902,685.3908567836556,589.9711115181294,481.3746887209463,356.8165033452823,240.50298050879042,126.96703107697621,60.75540718207368,29.5638702376759,10.331264001605993
1121,25.682223426621853,28.52891859072143,35.69319944228669,43.376903535491536,50.27354196328205,60.82998534624331,73.69871262134687,89.15617135758153,105.25134071395573,123.79391599302977,143.05501526799307,155.59969252518215,172.96231862113663,184.01850155706217,199.7633329458778,216.97312632262162,234.21459284121988,249.2492521738485,267.6879555312815,287.7469782847282,304.94746265499487,318.0101953845779,331.9055655074585,334.4793928888298,336.4957964577772,345.93564951180224,350.335765365716,358.9891568733129,365.79498277063357,377.34073997815767,387.8556645965464,391.92936835368613,401.94365516049214,409.52851119775,417.06543301915497,422.05182410134506,413.458644246278,410.0705054422622,406.7912217236696,400.2565678749099,394.6011632776678,385.59812857580124,380.6282615768812,377.7483921277976,376.27151391669594,373.4078669122835,378.7003968925115,381.387154574044,388.14516917907827,395.1337137882687,399.6934293689856,408.20700804469544,411.1328550700525,415.0336446407556,420.79165682775044,431.267714185236,435.6149947092356,435.5570254276619,448.228511454639,454.7551142873364,459.45067527875136,469.7989321099361,478.730447469165,487.6897573709292,499.2830981102935,514.653666696034,525.5742808629833,546.7068546469521,563.3824350127877,580.9071905343876,599.5056913218982,624.3037127374986,650.7673257157581,674.0246641463575,693.9917428170764,718.6648832916825,747.5551016252194,768.8323714930495,800.7754792304402,807.531306924966,823.3333809454148,844.7083109046848,849.7503769475979,853.5922826515201,863.0198820922151,858.8022691453142,854.4916119525712,844.628790401077,829.2907082583677,812.4228063636763,779.4807872165145,743.3435177412271,695.255670243827,629.6621507405132,555.1435830952995,463.4190594546503,355.24192150754527,240.97050894070182,146.0901008136153,70.03959198347907,13.613468281106877
1122,145.61350549943052,148.42614137919196,152.3450149651803,159.9717608273773,163.57970897175537,168.99427781416176,178.38620798871645,186.8455552729851,196.5833425684432,207.63101843885798,216.52467564450257,232.4614381292367,246.34420127033022,259.52458050930295,273.56643577344033,290.80204014180487,302.4298852743227,318.27517763362215,325.7172714998477,333.0089726790329,337.99673727012043,345.27502948134725,342.3296627129079,346.2769109391311,343.96174456722963,341.48838377485356,329.29923126822916,321.76488509036153,314.36381883730616,300.7078958347625,296.3054446442671,283.21079355501695,274.95398113735934,271.8275514022175,279.04066628868395,294.8589946369318,312.1550193601561,332.69720137383405,349.9680479758486,370.73742590950275,383.8336332889894,401.72393245201266,416.99517403928456,432.46639524989956,443.09058766831436,455.3030026837981,470.80714657671365,482.04182199476406,486.1356755102104,499.14867251477193,504.8506523265587,518.5334491948424,531.1926283069816,546.6767724387668,563.8101908481751,584.2588292398333,603.8482647113267,631.4528206975335,649.9609905778184,680.4039228844234,711.3306144597481,733.693031797536,763.3589398058875,789.3971823729689,831.0941546395485,848.887493987621,877.1254393072306,907.3637824914864,946.6314962159579,959.5881491963983,988.7752826722743,1014.3388749706254,1031.3061749350513,1057.6075091972912,1067.7675518873045,1077.9443585647705,1092.8684164454544,1105.5321994053927,1103.5094115326685,1107.196755738759,1102.5598313389687,1097.3119656828012,1084.7206227537467,1070.380500841593,1047.8269890126887,1016.6636304811512,981.1757543026977,936.5920979333957,898.3576591561375,832.7137060469107,779.0119277348393,706.9629507337075,628.8642767923145,533.6754857924955,430.5378343172124,312.23894322584067,183.25781572516163,77.1345320396671,21.310795687972266,-4.253000322726555,-19.68434426633129
1123,68.22586496715411,69.24550611213432,73.87689942891892,75.89586849054675,80.63797804813966,82.87733717636969,85.75541738181212,88.634465625626,90.9871460947764,94.15913672832117,93.75311044660644,100.91362684384106,101.77418584840925,106.9298466207498,115.7398911410102,130.76241367824372,145.94720892456863,172.47605443865237,192.12587105113843,228.91878271555254,268.90565145032815,305.3070994808803,345.1900163799052,383.36882837274595,403.729888650383,424.3979765452698,428.32640446920584,423.9897345887375,420.64449470578563,428.3457712653306,433.76660677264954,442.3361395475038,440.1977848961669,441.5283785446553,420.35343789324514,404.86922006158653,390.4053162875691,392.5861512700872,393.2104486070352,399.51199659817013,404.54373016904043,408.370185569707,418.66885801894284,426.70999305797625,430.4677996114086,441.62720150126546,450.6674782665916,461.68923478507196,469.58585934364106,489.17884943589235,497.96938937060446,508.8957246913346,523.4081892892029,535.7753403248735,553.745019094413,555.6676319910773,572.1989595164364,582.7513182586241,601.0193048642187,612.2034597348937,627.1802157986912,646.7870505934228,666.4798754528381,687.1237862764046,708.9480995140967,722.2514742152404,740.326533994943,755.9159282359826,773.4955604285454,786.8290955252422,811.3109358059584,823.5056918037086,841.9686492699004,861.2217808759079,872.8577789813373,885.3748812781121,889.8284193713866,896.0374568326404,895.5768765688059,893.3424334227296,894.5523033396,890.0492477861715,876.2861667852468,863.0388263996633,839.1513180785803,816.5299186730454,788.8281019837441,756.7085954681578,711.9039281387871,655.2193135910513,595.4879096553267,538.816843644148,472.9142607293757,401.61191536472836,317.133943796218,229.83720753636896,144.11615627590947,65.86696177483466,4.865689529449797,-30.71308570657468,-30.571364563252807
1124,79.05779015698452,82.98818201142612,86.75261027390644,92.48681158037056,98.79042351333672,107.04021136123053,113.00371435058457,122.52819385566723,134.42030893032765,143.64686827478968,157.08773033716685,165.97898064771414,178.8983417926479,194.45291929520013,212.14764821960492,222.67311177650365,244.3430079966433,261.3001228039608,283.34608615809,297.72740365059144,319.98306644674904,342.271848488126,364.2681112717171,390.1301098714539,400.6340922263379,416.91423959918154,418.36199548485564,412.47982254500295,403.7909181792092,394.40323644923353,378.1532319052905,368.2534707076389,361.0229588053442,350.1454228365224,341.36645330156415,329.17389740391746,321.97115922576126,315.4953550366645,314.62067699828077,306.92331187057164,312.1687903581004,320.30979716402834,331.41644560111865,334.57686890342006,345.3668401859262,353.6466831452195,362.31205149302974,366.8802500752621,375.19618968445025,383.8264238830606,389.23725296999845,402.3330567131136,415.71856629002804,433.5361743733203,451.02881636117166,461.96566666302607,485.5941884224576,498.47321611477685,505.2343912377169,518.4396079115585,533.7448099866763,547.9620802993181,563.5499087719893,569.631610345115,593.5034743441837,611.9835613829061,625.6234002539251,630.889331937491,650.5016146348036,669.7078866150661,688.2862854212569,698.3850221561903,710.2307881544591,730.9102617298987,741.2679355445348,750.3157792665894,757.8696609853889,762.6301540850493,765.0982957343184,769.3093749151366,780.9425412957788,777.2166583263913,777.1388618547235,763.0009961208486,757.3003825227592,750.3336866121072,733.4345698712515,705.7443149950705,679.677812870998,642.6802402809337,598.0118637603607,543.079323065311,488.1141669476497,413.12904340583077,353.0026905606411,296.2166150389317,238.07045762343162,181.60314486136934,123.78805735101949,63.89748626353351,21.86394870478212
1125,108.39298217649132,108.41754146424772,111.16994872695126,112.12719936613422,114.1379200220788,116.90424879775094,121.49968249084044,127.54622733087186,127.76572261171697,132.81549880522525,134.82220560802858,140.4049050341424,145.2917651204497,151.97324294414736,157.74111605279592,161.61334458025792,177.75126447446146,179.81562804057015,190.1019348248424,204.54629966560518,221.38305133042434,241.59196011961998,254.51676137545823,281.9257708545688,292.85686449378574,305.605501249848,307.84753166042896,331.65865645189825,344.9784652895288,359.7631464062515,363.396616743418,367.2652855021287,369.40530785862353,369.79479022509867,366.3322374342934,361.5470916792709,363.9420956096613,362.595041453293,356.8073578685646,370.6751808283852,393.5339560381511,422.1235139765515,426.3448572123838,425.509471273983,423.956211211658,422.235908846945,433.4092915665624,441.6583935987191,453.45705330827565,466.9691172971954,483.7737601400685,494.19006869075173,507.05408229719166,521.2932087943962,527.0538094427629,537.7270191103227,550.7494633570388,564.5208904057388,573.841593145221,585.5474281612891,594.3750987793117,601.1627425540854,607.9910564715519,613.4756468749677,630.1391272198535,641.2138815686244,655.0552861471269,668.4850720935877,681.1221683160278,692.5369150846784,711.6934888377897,725.2236952090353,731.7389106206095,747.8109759412214,760.1003320827411,773.2904238588256,783.0026937748705,793.4692374619295,796.1379966734956,811.2115846092644,807.9787655562868,817.1561818070784,810.271335135701,794.3733612828463,790.7601292246989,769.9265767554676,755.959484755332,740.1809569068607,706.6841688355681,667.4461519840723,616.8359425700176,554.2176633047671,471.46570033130723,376.8113642114794,279.7835091954252,176.09956285811884,63.77154271165753,-33.72023811303388,-112.65825928390989,-89.07101615337541,-45.689586374446904
1126,105.44782219338379,109.9790670040312,112.67760729090193,119.68793416785391,125.7914888135704,131.96848230929257,141.62766301548854,152.5274132694428,162.33687993456846,175.87654767616647,190.18291692290308,201.01147290409241,221.0368425441782,236.17381605422898,252.0220949010384,273.0618312095539,289.71383424588066,301.8850191476524,311.7754248249988,314.21559419524846,317.06750810535004,306.20943940798605,309.1795002627738,306.64833492952357,297.95096356939877,292.4016924708309,294.87095475609374,291.4251005235716,290.9342998587586,292.8905645255942,291.24889780702244,288.2851292371191,291.7362016574335,284.272285205486,273.79018680069294,269.42860267214286,265.94929654929297,255.26096191898952,254.96514558299896,242.67895665365728,234.66558589851664,226.23427491490514,224.20024540101483,219.36728717752172,219.31204402042422,224.41287825906298,236.48742625624865,244.40317889027494,264.85682709382473,286.3701762084418,307.41711151877206,324.3058267144078,350.8018397552611,376.1336177334154,394.5456272360994,411.55262305658175,440.9206436455205,473.31067305767755,492.6273236301852,513.3897554337581,532.9787762619943,545.2311593737718,557.4318318158713,583.5409320820919,601.469807668905,625.7817422146387,652.3489957066334,667.4035909588888,686.2911717447172,710.392243475564,721.795321964158,741.9823284169768,748.9557416928832,769.1427999443677,770.0849742367925,775.1578409169977,790.3708523688161,791.8568758356519,799.9993613202151,795.5375186826305,799.0291799955772,794.8720019957743,798.2055456516587,792.3849024879071,784.1454055903465,776.8355310697378,758.5603365028999,739.8881424562622,718.8132187056036,688.6934411916384,651.6989921658446,615.3569051719077,571.7435326709624,527.2056288937146,469.3196624175441,403.8118787071529,311.346087030097,218.9040751209954,132.74318151581363,56.9526082104223,7.318661878639946
1127,70.09421755493405,70.62917951267428,71.45696687646486,74.12827349250615,77.7860188654435,80.35166810876089,85.7758177900527,90.12792293643918,95.37467077232307,99.96991369605871,108.49249730654564,114.23554089089293,123.77526107583843,129.36929779147178,139.14862504953945,156.71770813437098,173.01711424152134,196.6667257654216,225.24700315109766,249.10933219994507,283.3195895172248,314.5945203047587,347.68152905809285,379.3433930369601,417.96647766363446,456.23163061344843,466.71231784047234,478.7897281001495,486.92635798103476,487.0145502541791,502.89570285704747,513.9080949516019,527.5493085992692,530.6849166170533,519.2107353816624,510.17548454279296,499.7077030144319,494.1168300613923,490.2851491251802,491.2403966891116,492.5213376105186,487.773951014312,489.2929037735866,488.2732847222247,486.913220066687,496.0167045648127,501.06597035044064,508.21407627850476,510.14818036511593,517.9452528419096,524.7295201106004,532.8577485661804,546.255768123773,551.0914160760291,563.141984801799,576.949914241496,584.3560339903455,596.731622212782,612.3162569272351,625.017611821953,644.2453270181499,665.4617415675663,675.3836447021729,697.1223094145612,716.14423374796,732.2909541239299,755.5863536587098,774.7115050178846,790.838960276058,814.9164980412322,829.3713246522266,847.1022500496751,858.1400689416276,871.1492326880154,895.8197472481758,905.7496309523939,916.4018110417337,922.9132037539572,930.6879941896221,932.8989093073425,938.9434698685379,931.1978885602343,935.6666761762542,934.880864600763,925.9763125300065,920.7549920301689,901.8390349377459,887.0239706615431,855.4948407394172,826.0206044522284,781.1950704691332,736.3321480563288,674.8531154607537,601.7844524538875,514.2537317390917,427.52438616282313,326.2957055327627,232.66362234518198,134.3958110434442,52.86341043933567,4.867634207201177
1128,59.998684352037884,54.42442170423935,52.79974355011997,51.74041564306269,53.226338626575135,54.986996634386394,56.96923535884853,64.270200120169,67.5508936912339,73.01925616640061,83.09394879829236,85.3070127556549,103.55692020265955,108.48896426124674,118.90886542307504,129.23094360591114,152.0538669132413,161.4958468147485,177.53083573659976,192.28116869993087,204.9285233974347,218.84486157129814,219.56406543419232,239.42693373882102,246.79605032317272,251.88894466289142,269.1037299002915,282.3409281058197,292.99348109554137,313.2311408379664,328.32026722879476,345.98489145060216,362.85124900238696,372.29921099451417,396.34721458156355,411.0590123100359,426.11113142636583,440.03962817019624,436.7224278709886,441.8656927219631,439.38644957730986,439.36559409605906,440.19608295399655,429.24270762008786,433.4357051724647,427.01953635654377,428.98840074857725,428.0494060497479,438.0982973572683,438.25042366505915,441.29697580799586,449.04517191651763,456.58478845530885,465.8593560717454,477.6911502634632,491.51516346725055,498.3067719961606,514.7454553752056,530.6473346963431,542.2371413697566,549.0531621197315,560.3773896129857,570.6841237419103,577.913564227903,593.4390089322292,602.0815720026773,615.2757602280286,621.7563833559233,630.2219983515012,639.1646367105199,657.5808465649856,663.9849615473577,670.4878750533643,682.0312711849507,688.3064652671213,698.0038870558517,704.3954487234396,711.9854952012906,716.6816430902351,724.2993618519678,728.2134614218527,726.9790455530692,719.4254271129752,720.2425461999803,719.2928077657624,709.274025069063,698.409968725093,688.5669856271383,668.6188925431294,640.5838998056723,619.005014952091,579.5967358381497,538.7701962860848,491.3135277258196,437.83058331329016,373.93870255496347,304.0570800306024,228.1486899038175,149.69471676928097,75.47288856986636,10.419973956899486
1129,33.03747257823461,36.69773491510696,40.0937757629985,46.42664126679333,55.59075449696441,67.12043117596983,82.29825547560752,99.68964179077734,115.33631793781048,131.65703160452367,154.6541164971647,175.74271458803898,198.59309218454877,220.55037320907965,247.83278890999603,270.505514725785,294.57794741655897,310.6781199180186,333.8462216520241,352.85912828848933,372.0460357999741,382.82131036534935,383.183670871879,387.0058970806652,390.25467349174284,381.3723127525673,379.49056456155733,371.3769638512085,369.1286222696752,358.81455734292933,353.9235489355915,352.47414739682756,349.68103995849776,343.96373076462856,346.38446330125157,344.3129460837142,346.62600195245807,347.0727505306353,349.5036245476714,350.68612444029634,349.33227324592605,343.7831052996999,352.9347198629029,351.34627376398856,350.33459517724685,350.07803641338853,352.99366895346236,351.3237395255339,351.27274632503384,345.9488353844075,345.62210910803884,344.36423371168513,343.72239174136826,344.5836139902163,347.2909337209472,347.9478651608073,341.92286363065074,351.6698945370812,352.3132462722637,353.5084431000018,359.58988242401966,357.77659075527765,364.34563257728223,380.13579313124075,389.9322564989365,396.3706165366328,410.4492724968877,416.57654711214406,422.18849973236365,432.58913660876436,444.6101489890721,450.9698101724773,460.1053335457735,465.0177571091508,469.8299992865047,487.4964744566502,489.50088682133503,497.87114157365045,500.66728366902555,513.4872715280608,519.1437425438763,515.9439767754199,518.9038791932816,516.9548993216791,518.8248431321364,517.1872190845152,502.51785106475114,493.74728784487036,483.5487153133344,463.47835070313494,447.2956219215072,414.21643447645204,389.22620887664584,348.27541646329854,302.947278870236,261.5044772862492,209.9613218784127,156.8398338273152,100.05217124995325,46.60634339821369,6.1330912644177635
1130,167.61061636932203,167.43566176730323,168.94085567399833,167.47948373971232,170.23703151731968,174.93628630646322,177.16413731221036,178.22361287290343,182.0882571800019,186.77160532355197,190.34304935479454,197.1427918650762,202.21882821614335,209.4047035508091,215.0470013004769,217.9032267640669,228.220338583728,233.50499144637357,242.10197261613433,251.48441202544913,258.72125610549733,270.07083703749913,287.7382563926972,307.2237520941531,336.16307478424017,369.9821175644784,404.1268867458653,434.87298367110833,453.4077282223827,463.5459748230231,467.02798257941424,469.6811733476853,466.8063196048706,471.66418476938844,471.85146724976624,477.88311861807733,484.6923683558554,488.0813989135003,493.4287971834153,491.4331566049622,483.4105629139718,473.67882786691484,475.62224299210817,466.96015148562964,467.7972517951867,473.63243934351084,481.94613362166683,485.95154603577765,484.02672635638413,484.5917720207388,487.12782602927035,495.41648666364097,495.906119067954,497.91724455461275,504.3673331919305,513.5489842592411,523.7473927843303,519.2254917851163,527.3901778523989,539.6248727523073,553.0886941603343,563.3951861988552,567.2942814131417,576.1635051022778,598.9063152900595,595.4246343272503,612.7257137609847,614.3014263736359,630.3843084843561,628.9692425194868,634.4889625059698,645.9740660346835,645.985862962778,661.938066972463,665.3670686889759,672.9924479712685,673.6681881171489,688.1746385814722,687.4334155918891,689.5185356134252,683.3749638145505,684.1446939143224,685.6616504804589,689.1726491524498,684.3716611460576,675.1944734415812,664.9634483946995,655.5672403370982,635.864576501014,615.0071507216626,584.2801578135457,540.4254720146903,495.5856026444051,439.47860830005163,384.37338191714946,315.09015248823846,260.6412673021043,208.73147462818608,154.6348082758429,93.65666519727993,40.689507015996305
1131,176.89476191156515,181.88175396395656,186.81430489198434,193.69798508335924,202.95995069206563,211.03817111006782,225.04937831886915,239.73698572834905,253.50078592567291,268.6224519898378,286.4801663848139,307.1920833987688,327.18705954507686,348.25067928666095,372.2928340374196,389.83806720398877,413.86178772541433,437.3044796621149,458.12232411361356,477.12277359209827,505.71364073278704,525.0240226588081,553.5158511815357,573.2467598015751,584.6732065231059,591.2558737463688,608.9360229205334,612.2237563287591,622.1152998412422,630.808965696199,632.3835188078899,626.7037802657917,616.5435192485345,603.5688479602384,585.7469836358672,570.2666470278966,556.0460742877966,536.9039988201976,524.3895345031167,511.7430257553727,503.90575565086493,499.04041725679116,497.048368972615,499.40594143965444,502.66263586418984,503.1640354997442,500.6084587559542,507.55435723948136,513.2500304288361,516.6651987402964,505.87300968121195,511.39101414259983,505.92957973904754,507.0931327754222,506.69124001676266,501.2953337540735,497.8491285604482,498.0725269532903,500.1666431842824,513.7524433370128,519.7048141321483,528.7868495494429,536.756136818795,539.1937389793734,554.2507820215664,568.2738457593641,585.5977196944918,610.6550024332261,638.4677771746118,665.4135755824218,695.6635283012344,717.8825734786941,738.6476867613572,779.852226662746,807.9029053012297,837.533129070625,870.9697503931777,889.9527876743894,915.2481831776001,941.2123143780204,956.3755536139188,971.696172564546,990.0593142343848,1002.4246324950007,1004.7367481820686,1008.9138513344263,996.9596926577225,983.6952228735241,965.8863806212553,935.4664262004898,892.7249787417413,842.4819290309754,774.180224910094,696.4082179505072,602.1555376782109,485.1972717172872,354.3033996390536,215.2537921096272,87.77031637583713,7.4795167134304,-18.617342747726223
1132,83.94637741686564,83.6234544830768,82.85869537007848,86.12104222218602,88.26810600681465,89.70672076510238,92.70469751432894,97.94528054044191,101.38699548196917,104.57008123374169,109.37228244862177,116.36228198145405,125.0338415441462,134.20455752524182,141.8022507033059,150.87130414010093,158.92222089202363,177.50090370944076,199.30686092088925,226.7417930243681,248.53059983367473,259.24918302895315,282.21575799157677,298.03380054041065,316.3999343714159,330.84874586658015,340.02061298474865,341.8549354194819,335.2881781289703,328.96348922213446,317.4993116986325,308.79020758556976,302.7538368757722,300.2976094889092,299.08421780632807,304.54143405144754,315.2414137194904,323.8906373120657,334.57472931573693,348.6332259857778,364.13092625290903,378.9653182638486,397.73507386256955,419.8218499186856,447.4523403049194,462.77251529657514,472.05533392763226,489.33007855557366,507.6470035967929,520.37195774945,542.4183976995961,562.735713433041,585.41307143737,609.2449625167559,626.0458349098234,638.2087891084542,652.7560396770007,662.700077465364,675.9260123037179,676.8991213341201,694.6798523754594,706.7867092796953,721.6284550830952,735.3613093294555,746.3246707745468,750.2248375808231,758.1629958708905,766.1273563758326,780.8849985500372,790.8144208465033,802.5053759769673,818.999067762782,841.701832025443,847.9555240269835,866.0802423270079,877.3778177682253,889.1451808711909,900.291371994092,924.7864043576914,933.6781525420756,941.4473755676531,951.2211150330205,959.549684479998,962.1026718995541,959.4286838783792,950.2173516284522,941.3685846393323,919.3249077761983,897.3788647182871,861.398114916948,816.4481757751643,762.1445210665048,695.6819060478474,623.742563829061,535.8969334994351,441.565394093516,343.8926032234234,248.08507634885464,165.27752785084004,89.90804347410435,28.055731620726664
1133,103.87494556730998,106.36380889902625,109.51892465909067,115.797237459012,123.44405576486659,132.58843916320953,143.74842653129016,156.55812000474845,170.73748170529396,184.4192131045078,194.0899989566858,206.93126703754467,222.3221722732912,237.43681308002903,244.24164544717652,261.1858819368946,273.0310022450195,290.53404930909636,303.71655696180244,316.7635183461895,329.45961081704553,345.7936126834674,360.68368024942475,373.71182215361137,391.8646164478458,403.8365059151513,411.29721627288126,424.83356946201013,424.34298420701765,423.85715199365364,427.6026859778821,419.03350674341283,415.8722227286584,408.57883506336174,396.381569775827,390.0994111832989,372.4133105934625,358.34670954158673,347.9883985362414,332.4978526355712,322.20188435246996,317.18466155069524,308.032311799903,301.71717566596953,286.1779006395322,280.933256912856,277.01214288671133,272.3993244930441,265.76164632792364,265.1021779559545,252.64033563818188,242.6268242763972,243.31252552293628,235.06260203063715,231.4907565156757,236.54519028592352,229.75730634349102,227.95358763108229,234.53928346494945,235.880024205906,247.34131585676388,263.4234139399334,272.80549348356556,294.5946867132774,316.24885695748065,339.029243406305,371.7023668618053,397.1796054383101,419.03953787277464,443.4787040069686,468.1074851832018,492.5773971304794,536.1283685676804,561.8138544811907,591.520773125691,616.9059306439674,645.9322699355032,680.1369605609175,698.459139860395,732.2689834318954,761.8587245572518,773.4523979828145,795.5906076853134,810.3233711358682,822.5426176190259,831.6759435993783,832.8558339518637,830.7616685912838,814.8233936272613,795.491099970183,766.1672557681907,724.3855601547086,675.7362002075475,607.8627316706325,534.0120661762611,440.6722519820142,326.2009981271752,202.58122149846494,105.3499843634423,34.074775294662054,1.801324291744399
1134,-0.5662836271449085,-0.963783146153098,-1.1375544155016808,-0.6089992232081912,0.06510232100257232,-0.9126069195486979,-1.6717461787603518,0.11544075557451891,-1.7538054876786637,-3.0094416225405776,4.374785681282841,13.484540891994731,25.988277005232888,46.67029246528738,64.45052746019702,84.65324224254111,110.92169158492344,129.7979548135351,150.30497338476906,167.1974205311361,192.88721784896714,213.64557585045782,231.23313984074804,256.36697662275463,281.4903619738724,305.5313965865951,321.9561928971073,342.5240964392645,361.7586472335756,372.2129532122746,386.56013213923103,393.80668231954024,400.27539120085424,402.1453380977299,406.35516838865703,409.8711633027781,418.8038264453339,427.2153570905833,438.7412159647562,444.542077139324,447.0796162386044,449.6637258424366,454.0651407073473,455.60913512520074,461.4190435751868,465.68524444258156,476.6433564742517,482.5944937012724,488.4449211777718,498.9321486413378,508.7227699449652,514.4690375357479,523.6004343864741,540.9588638406241,541.8937389639337,555.3582017018806,562.5377371018972,580.0746564811402,588.1893112806557,589.6692436035607,598.6310505149062,615.4106381810485,619.0833836349699,634.6332361224519,639.3113834611987,646.9357868176864,651.364698783388,663.5799765961478,666.4497890298006,665.6633279322675,673.2658681210837,673.583915266699,681.014850944953,679.8459331682187,678.0865362199803,686.3387556106356,685.748035113906,683.3130127156469,684.7961408994239,682.765220102981,678.7832612544053,672.2182345664916,665.348986681831,662.6828161477426,644.5167652124269,632.7764562208623,617.6943869073322,604.4784533747039,585.2110329279079,550.320640302904,525.920909285575,482.2789422454282,440.99705184084286,382.46158663014245,316.679401233052,240.69964781908325,164.21362527322623,90.41334205308719,34.10577570505734,-6.702276595806698,-24.8108619608714
1135,119.58859858544565,128.65678372840358,139.3797273858478,153.8705340886811,171.20254648018062,192.16204105499614,217.87809171315317,241.12958345867736,266.48503499349033,293.03109713448947,315.9203112744884,334.88936808808256,351.8709528689073,374.2004196381246,392.0771405590283,412.5724069057531,439.7806944641037,459.7810785282514,488.3256241130018,499.6923465634072,512.5132355490075,522.221591901978,525.4538374157077,525.7355195813897,527.4221780510017,527.4069876374841,523.0579670401,522.2716534375445,513.7075235717118,500.8266573438305,482.60503425099154,472.2832543030795,456.284394699448,448.1843946757592,434.9696589262703,425.6858006398698,421.678877712708,424.4875180164379,424.59624691081183,430.9469780013437,441.26196381155233,454.66386997742904,466.00474680534944,485.4803215051973,499.7017400490656,511.49089542881165,527.6162564871773,531.3600577591437,539.6070253390003,544.9490428746695,549.7037251671088,553.042574042997,555.1739090743952,563.3163211211967,561.1114616711684,562.3972792434588,566.6924071381002,572.0389365543653,589.019599460828,593.8460024329698,596.9408757366411,614.73186222815,622.6190028589949,625.3228126690332,637.9848963630803,645.8568229062939,655.3437416704928,667.7942874783585,682.8443859726888,696.6313561090235,717.7107360145562,736.3951795249495,754.9294252740278,776.2101273830102,805.0784786951839,832.757803337487,849.2934966363111,874.6746729068883,890.1426707759521,902.1170366581516,922.6873488819285,926.8520224356913,929.7136165448359,932.8549142994224,924.6539533523095,913.5845972202012,897.2565730879345,861.7510759941914,820.2626993491536,782.7841982832936,725.2738615235004,663.5969668992601,596.0707894427405,504.30128590780294,415.80658813177416,317.16157586803513,216.70285052546984,131.89395938021738,56.01337389317003,-7.369933331938323,-32.37178590207201
1136,105.87215256254606,108.79886175876665,111.89636379274711,113.85802810226744,115.74007394844664,118.79613793995044,120.33958393322254,125.39240509011853,128.07970111552987,132.83256146522143,137.30478862941334,138.52424140527006,144.88863647978937,150.81565586654128,156.2762082411898,161.57376559752146,170.26124159616865,179.5251799807835,187.59047225313776,204.53074902137024,215.50007595164274,231.71732756678145,256.32659629250213,281.8461927094011,290.6672360935577,303.4680411413212,312.4874859852193,325.8881793092307,345.67972261040353,358.8294561669413,366.42389803534786,369.066563661179,371.54869252630976,369.0161177489374,364.8123410568306,358.4563497812875,364.81797164291453,358.9078749895987,358.17028921333304,370.02881795495955,397.31795869556515,422.2900633220851,425.47608800033095,425.29752938027514,419.5126950691739,420.28484876659314,431.6928677694192,439.53554499091166,454.3805126983778,465.5788814144965,486.74825184511144,496.66118130658145,507.3136451697035,516.1392977977285,522.5556063685906,540.2137455159872,548.1022310025097,564.2235645124836,574.1814684573073,589.0733386182117,596.2806929400952,604.3617615063297,608.9720919107392,616.5994806038882,627.1024714364903,636.7131596767139,655.5201841352341,668.0146054881761,686.8074841329305,690.7228574440237,711.6870604027004,727.7491430830406,736.4820671809375,752.0492943597387,766.8206659785047,774.7599610548773,781.7515756600043,791.1650056721342,799.3808560940366,805.8654517666643,809.0087430020899,808.2440618141258,804.0874771675477,803.272024554398,784.7835186384683,768.5478037058087,761.0367364050461,738.7428989498867,707.903112859076,670.2168815642661,618.7584095844045,556.1301694602973,478.7151315557263,378.1202307222312,282.19977277225973,177.39359420947187,63.97038363126109,-34.5752262236487,-110.95965455976949,-89.8744592135838,-45.05840747661474
1137,75.36948710226389,77.9821013717672,79.52590418530423,83.2848476929526,87.55611488970908,93.22141167844018,96.2566839031891,106.17152304433827,118.04551302122917,129.27329669971957,141.29124453652608,153.33124060886936,175.73578421637808,191.51668923502612,214.46284295415367,233.78454054077946,253.25242951763988,271.9188900627619,286.89720453679735,306.1605598540788,319.2565752314263,334.21601415826007,338.0734059409119,341.3865247507784,342.12485394748853,342.8163852362216,343.3839307405327,348.0747738366736,348.4515284518891,352.9094914679012,356.6211372474033,362.24143995841473,360.53979433365276,372.9254055938096,370.8228125397616,377.8564665558461,378.9738264730479,387.46929452647146,385.37836477023416,394.1776754724316,396.70060701956646,399.8214661324299,406.36070251609914,408.23725782957854,417.77217815677614,427.4833118868452,437.67057193064466,451.71933014896877,461.90678218080905,471.76513861719235,477.1321024186408,488.60338328581946,494.9565727763506,502.086523641742,515.0834611696616,511.77769539734055,526.2253055337709,527.6573037434814,539.8479343325246,545.9066874532427,553.7115774560415,565.6763527473421,571.0249052155176,574.2867055080318,571.709936418902,580.9818607146997,578.1755486532463,588.7506470803463,599.6816509855013,599.3758648740123,599.3537292593254,600.4341842591335,603.7037337795289,604.7362607514006,607.2528507903398,598.0464259554999,595.3048835075346,594.4153474803355,591.903829396322,595.0484295345864,585.9127724663441,586.9520077273785,582.2374887044525,586.6118654826621,573.0240219205593,573.8271831941842,562.6520006908357,556.8198198012296,534.5358097253151,522.0893590196272,492.9223962498389,469.43419739342085,430.8590546490218,388.90956133842974,334.4855045010152,278.47535879268924,218.2438059407649,144.80640011391296,71.73074938999866,6.771100795482436,-23.954361165447033
1138,101.89520309915447,101.94669093902542,105.13002739454303,104.4853143391297,107.68104328690224,110.12338785490927,113.81014176675588,119.92308223920949,126.17017061096841,131.2502768677836,139.3806390671213,146.78347919878644,155.2263177807429,170.12631240963165,181.5466667915625,197.37306573848306,214.89912493383696,235.89465810418253,267.0089052417412,293.022715124948,312.6154185994896,337.28212782293656,355.74573248635915,376.57204655679453,388.981756817118,406.39298976335937,416.13349651137247,422.39511420641463,433.0085415849285,429.8037528643667,425.23669582576815,421.97262952177965,418.2962882287505,414.8118202485459,411.2860822589754,409.3234411577596,413.8491648698998,421.2443633132465,421.5432219656625,437.69471681128965,448.8891722906783,454.1873144894273,462.68888872671835,464.9749091687063,477.42329900953484,490.4002050762825,504.90131285553684,526.1082140868475,544.6642802696161,565.9397308936847,587.0251831143298,603.6736852007897,627.548594018297,637.8765003352819,656.0392366383109,670.4423531540706,692.4863853222122,720.4242497309101,744.9250813918626,767.1095919851075,782.5681192749807,802.8497985894637,823.6401962694027,833.1038390197182,850.1417314583281,865.6843760412004,871.6507129954203,888.4870901483079,900.0849435090537,908.6475534986321,920.7336639793581,921.915674294952,925.8201289282787,937.4803034964549,936.4523940499936,943.941753584415,939.6257120542755,943.2494748023404,939.5833126081845,930.9694043800656,919.2181583643492,915.8411235564228,891.4331607198884,876.9165738376546,843.274827366321,804.7102276939273,763.130051382169,710.2484831928385,650.431403677813,589.6835151268823,522.5198459190733,462.9046714073737,402.2148054788827,337.9532305844526,279.565267831813,219.29198431700127,168.55302552189414,118.57156381187929,63.41263660731934,15.986098048357327,-10.099926292911608
1139,68.18714965515264,65.89459390780391,68.4390342580216,66.31852645178314,66.40291466383644,63.72579442060557,63.3984615205494,61.806569148307666,58.98702928078007,59.69360624966115,58.32000359617553,58.80661036396586,63.128481743318005,63.8238910022206,65.26214872737502,72.55995527736951,80.67169305332845,82.40751619448027,95.7254013810134,104.60359033023254,120.45523471238832,139.2410516088709,163.31024569137656,190.4952032770534,227.05127354887154,254.50540011533354,290.8285248878181,324.5537223086312,360.8872559454431,391.97645356895964,412.68467982164947,419.0535022269946,428.32390790559043,436.98485163477164,441.25506116204974,434.88171828001833,432.1097331779902,421.96502980574905,411.6048494690459,399.8844858001492,382.7747798370687,372.3136325864107,366.0548201707613,351.73087511826765,352.34540840030616,345.23962275248346,348.6412795749222,343.9653725018174,340.7402884439066,344.81796547496964,342.05537082707417,353.4307439997317,363.66015873154635,372.45803965091034,378.32507503410875,388.5988156603511,389.446157908311,397.8468418615703,400.23939623654763,405.5788435056832,406.9127145726582,414.00432754097534,419.635422285892,420.0384342271491,427.75512654481474,424.5934106734852,434.28359921247386,437.5136816807756,446.59704574846376,455.1536883974287,464.1082296962412,472.90136125626896,477.0244207795374,483.0378436034625,486.35303183669527,483.2527516875867,495.5327545180084,500.9244710809415,497.4874657320411,506.6660591600324,505.4148554041075,508.0441205254305,503.15722490793485,503.6156543501717,494.96166110303494,484.4003620466565,464.3909649246863,448.95877012149197,426.02432124533226,402.45815892825874,362.3572171773953,318.2584924935409,272.10271661845775,214.9506783408547,155.0995720527112,107.72104810456857,76.08898525714905,46.05829083478873,12.381598384174104,-20.520525327111113,-28.47914734542129
1140,95.531542329406,99.23733545763037,104.90800309981613,112.34998936709712,120.0920203575633,128.20744985310242,136.39665019730472,145.43549800406748,157.2916617036383,166.9376376740067,173.21959617777915,185.4648782638924,195.01821588813917,204.94483766225449,222.92232756343995,238.21312937559674,256.4095497708262,277.09382205212347,297.66220042056744,311.9670637981179,342.30173345881786,361.7415606504894,381.2124795468804,395.30046303873854,409.6266493415124,426.7797346117258,431.0133695274077,435.56390662601984,438.4732252766802,441.0077015418653,438.6212594046984,432.6269312613574,427.124390441177,416.2290154567536,406.56898253388556,397.29330842084937,385.14066840622894,381.6573523782238,378.1921408598731,368.86102890726033,363.1872546027335,357.7739555337151,354.9318066078217,356.33339558548477,355.4756278293912,357.3454471168393,357.0147172512933,354.20461027328406,349.55771752176054,345.1920023518569,343.0208182945714,340.7358496496928,341.7354197790696,330.4701636527003,332.8890690949118,332.93392773741976,330.77337062823415,329.5841973817985,334.36513534527694,338.49841407457393,340.37316693815814,350.64203930330444,361.406924741226,370.69050620512894,385.523722962697,408.52128305389084,432.83696667639,460.63690792211906,493.2039757224536,522.4091484507404,550.8503138157736,588.6252267616904,631.9571755382224,668.6436453805147,698.1702233238728,732.9130752435246,752.7013294349587,782.9443444544603,795.7874306350498,819.8175430922244,829.273090671925,833.9554490607854,836.769279837297,840.8725525536581,825.0315224326815,824.0114724778236,812.9456645366946,797.2647055385802,772.213989560756,739.3659765091277,705.6532619608054,665.3002959374995,607.367707328977,552.877180975761,479.97453172055657,401.16506844480006,322.3650555857001,236.76517872829237,154.76731817816662,74.58019328114791,31.75161178588231
1141,53.73020461780652,54.390513149390614,55.98646000136956,58.35839818438593,64.91720197390477,67.66571175776093,71.8824631794068,75.67240694917113,78.85279089256942,84.69686203812255,92.54540390485082,99.57345153615749,110.90949128504936,118.27035474240927,125.49603448723718,136.29906648771131,149.18658911700354,163.98951704476596,179.42392216430778,192.38254044109019,205.21999528849108,222.5476520910233,238.43903789247312,250.4866923729576,254.07296371516208,267.6295724183857,272.06856047656345,274.1914164943687,275.5265634365801,276.2331801579475,275.562665176217,274.44965653943666,265.8788885641486,263.63480182009056,270.3810142411264,269.1246254798368,266.75965646494285,273.32667225743546,283.3066867213138,289.5399624528359,291.64137331083225,299.33418505695,301.3630974776707,307.2920192754536,308.8443273096613,310.85294537250326,313.7135656937269,320.2217343108195,322.2993430410628,324.9679628208474,333.83984638038925,329.91300041307204,325.77736915641947,337.6101836601512,340.1571197848348,337.8979783811882,340.00848370513825,346.385475194828,351.3065300907446,345.73399237495124,354.4362751752103,357.3364761141473,359.9233559685668,377.863707611849,383.6050348662708,380.4959610455665,391.8148249823206,398.8915176879958,404.1725477596039,418.85089231111886,425.5262819963937,426.7866200466811,446.2303442425958,449.630454140888,457.33903639287615,464.9479864253002,469.46920979599264,469.07242654437084,472.02851723085337,469.02945083051367,476.7870713805121,480.7940194382214,471.6345399574608,475.16657583460807,476.27902539560245,469.43613977759316,462.53136118848386,455.4103090187028,444.7288601657246,429.34285591980176,411.4760277685778,391.2306932981602,358.9902122648291,334.2617859492606,290.3231971060037,242.49309469131256,188.90658816906665,116.60766720484493,39.156722722302085,-18.674472804765806,-29.117914728201775
1142,80.86577578531194,83.28994658388189,87.37251071244599,92.11817348162887,99.19419743840741,107.0081835482456,112.64082525159853,122.2188355508606,133.31541284784853,143.47367359306426,156.58148174595794,168.65353876370185,179.10976812483545,193.79867817559813,208.3125018043651,220.53098120971532,239.48061081423992,258.97639872276403,282.3790196688456,302.1990416022484,320.3139398214856,342.38481168884994,363.99250777423157,382.92992715178144,406.29961686992476,412.0530756380837,417.397830965241,409.4606898184279,406.57112390218066,388.2235256858165,376.8078125666122,367.8865366854907,357.3534051894161,351.3601533710502,342.35758450593744,328.4357833311907,323.4759789944459,315.9567407154084,309.95213765036306,311.08368428387064,316.57412746904146,324.38655458100527,327.8237133057449,338.458670316225,350.31119831869233,350.2679201220545,356.7691873834413,365.76384772015234,370.44677309138785,383.82932763848265,393.46594076445314,398.64549789018673,410.0442731581574,431.71078456706385,448.72022832528853,468.6989901251306,478.34416252981345,494.62125418292237,505.50886514368034,520.3153157821229,540.2733432335767,545.0092727155807,555.8782612870665,579.6140657545285,594.8855809230568,606.221920750115,629.50042154538,638.1156065694476,656.7507225290979,671.0302992845255,681.8613425297352,695.2825708307753,714.0511693096685,730.3788557902409,740.9250354769222,748.3224684804329,754.8330534762661,761.6346649889118,771.0186637313008,779.8328711274877,772.2757256144823,773.7512693631544,777.740008029546,766.1705095459942,760.0215838077964,744.4827064565326,725.0179407098078,699.6210728978527,674.1719626027129,639.3761497111561,591.7192116564335,542.9782874706397,487.4295702705088,416.9842894436464,353.0331160092316,294.17315252168277,237.7438690435308,183.74119193809676,122.71610759670445,62.930267992736724,21.82375618355713
1143,102.60032404693067,106.2929967458344,110.1482241834645,114.37983355827869,119.80678439789067,125.90559295301163,132.33825603878884,143.80703394606704,149.8818737742269,164.0837757455994,174.3999697142879,187.1519190329261,203.63117860865006,214.33487082051914,228.90447452037753,244.9547806649694,259.34350314850064,271.5536737356815,289.8423081434372,302.6208374727809,319.04768295269406,339.73388162316684,353.0278226855045,372.09842183646396,379.69301501023233,391.8441781757331,397.99320848125114,406.0151134129344,403.96176964524534,405.32146323656036,401.9445123595511,396.62559968911864,389.38640117784234,387.19647115881776,379.0096096557285,378.71910312755443,376.1732778176141,371.9926044597917,371.5340314994975,364.51612514503233,368.4095599800346,369.1480039887191,374.5332840981755,379.35904086209973,385.49536046008734,398.1167562738696,405.18695913870073,418.4254637013848,425.036723083902,437.2071685011017,443.54811454134773,456.4241730005465,460.31352855014995,472.86747556855966,477.1576048010568,486.7171103791056,489.9543519834341,494.734102297293,507.4683983709653,519.637390116381,524.3701212292832,538.1623723287889,560.3628664558582,574.7257540770271,587.6868623040602,611.4661229369395,630.540059754827,653.6822487575984,664.5092884253495,684.9423046697358,717.460271167061,733.178328578029,757.6357331669278,775.7025945606441,795.0563125782901,819.4688213774289,843.6325083857382,853.0123087326346,864.5903965120726,877.2991467624839,880.2461781897783,879.7660759335088,888.0598072117889,881.6384065045158,874.3854237132961,849.3763162834027,835.2513200452606,804.4304547135246,770.2586282670943,731.5406399468594,685.5346618281061,629.0534593186633,566.7314184903512,495.71693556433974,426.98697897485033,355.98414948984373,281.9590160425059,178.84419297069854,76.32685258157453,-2.6088185509992954,-36.77088615941894
1144,47.216775679332855,51.642013874251006,58.04933472032286,66.49251144763649,73.82020014041977,88.71798033546467,103.43187849893063,122.35460373439797,139.01815692494904,156.37441725233532,177.09148181192845,195.52852801076,220.32595275121392,244.69226607809543,267.2231842985598,287.5653093264825,311.94330910941557,338.1092225603563,367.0345193848968,396.63303825164127,417.7761665449905,442.3347170075048,459.9377715675712,479.1219332003798,488.1239344594797,499.8393714716262,501.4786405814108,507.26434978293696,505.27432948732985,500.7879954506362,497.8072436189792,487.47329863964535,482.8596362660683,474.7918505527034,473.886210389994,468.3232193032505,462.6988316734586,459.9705629815207,459.6998013344468,456.0889511661529,457.35630236597376,459.9590550742161,462.8752601752588,466.1095164318828,467.3889311520148,474.5154249311816,477.0633483002935,479.61659481351774,475.48054085764755,480.12711671846677,482.04189786077524,481.74957141907475,487.8069919258094,490.81072072751186,495.1055486900791,496.4683526970121,508.48966799743795,529.0582835521722,541.4466113701144,548.9783770265988,563.3253848370257,573.7582787931656,586.1884920987278,599.3216457301231,620.5114365958697,629.478371354914,631.4346197091593,640.9451518891515,650.9210701565644,667.0889861209826,679.499840142322,691.4913976038865,699.2152068350009,717.8076257113622,728.741821148039,742.4458434513172,744.0280849494892,755.2398333204133,760.3118479481159,768.8472746757362,776.7975397369769,782.6830179632103,778.5543090598247,782.6103382736811,776.6288857387691,774.454939584376,766.2552069111578,741.9965554562018,729.4420446561537,692.2622038771484,661.7979419208651,613.3631387827704,554.61037920188,479.36952002338455,405.9750790056565,321.32149866276444,229.97419504827397,138.0807213944399,59.58607858163546,-6.837512609254925,-28.41810837144683
1145,28.99065451289557,29.169234469792666,30.55872761902338,31.444741645536375,35.88504253513733,40.069987375606445,43.77452001067331,45.05775190468966,50.76941549860604,54.1995839481739,61.16158359969449,69.45406996009282,81.97575453572533,94.59690717406566,109.26264820007222,123.81475871045754,139.9073517596939,154.9013570066228,183.04661797843954,199.61115768870272,224.6603771046771,248.07733545123287,273.2392858806878,295.21169377115297,321.27677082846577,342.32101771103424,373.2792104479888,402.41448675062287,427.6971414588897,451.63441092224144,465.478619206387,481.1209785021365,496.4263719497647,508.7072791540599,522.6075533226068,535.634868216883,546.4208295389777,560.1044064675089,571.9938611189076,587.4273899341893,592.7973621291864,605.4712447743406,613.8586292615284,625.8727735888324,632.9796881332683,647.794742246641,657.3564799587087,668.9190897595556,688.5000736089374,691.443310057659,700.5796659263633,705.0257946320683,723.3377728843516,728.6813114830353,731.5894976899767,747.6519959765869,760.9886230664295,771.7385398452809,779.2517045682293,794.9875882501013,801.8191870716419,820.3491436598541,844.696897814726,861.9729885443802,875.543027357997,884.0375640143633,904.4599715577964,920.9270825356915,937.8997510871621,951.2471277723201,963.6241215566668,976.6553743894506,988.6151121131685,996.3869574948426,1005.3760516697497,1024.308153642245,1031.4234051329263,1037.7685982339967,1035.1060170824076,1032.5008773704703,1041.8229638825705,1035.1345181266322,1035.912897560781,1019.6157991688526,997.3174628360849,975.9312667403349,942.0904345803261,910.3001738856235,864.5716388302694,808.2534199449353,736.7844617884305,654.7952415100262,563.8236730703658,464.3174199556982,352.0186188446228,239.55853914485647,132.93499799841243,46.80883391075594,-13.484538307989562,-51.38154124005663,-41.55462874168089
1146,121.68920713863714,126.06138907446496,131.10284465601822,137.44652162348254,146.29638979939566,155.75538906186463,165.7245142713473,180.3438401220614,190.93024686030483,204.49191857097335,218.68693645013786,235.4273924418883,252.436069274766,269.81627778867414,283.8074362387031,298.5863518260239,311.2913871159432,325.54621223982406,335.38396032037446,350.80832799842784,347.21206277768164,352.3941985451961,352.5959374846277,350.51058840888044,341.3996776651019,336.64615318403213,328.5239643212567,323.6433025478336,317.42490003741824,309.95726012845734,305.0569347717174,300.9806548648775,293.3258077630973,292.09095869868355,289.15714296391104,283.5890184036243,282.53710299080956,281.43296315237234,284.8167921436403,283.2373561469191,287.1625885090849,287.71237260074287,294.14320523007615,294.0828690535693,298.5047835386251,305.0856922064165,313.1232529135802,314.67901313952456,322.78961926894914,324.7314657933418,333.7589692825058,334.78324595852666,341.2540240337921,354.72097653005693,366.96107242902076,368.7791395811573,386.23248882446967,394.8177691200105,403.5427905782975,419.5042953593787,435.814745048759,452.00785377593115,464.145387365424,473.0412655758079,485.9543975236141,506.94212698215375,523.6682682656016,541.1278677111056,559.8069184171032,572.0936976388377,589.0765617672632,604.32094146002,610.8343722150661,625.0373340482811,633.4589760339502,642.7594479876285,651.8752859153955,648.3210868469278,662.3341979530082,658.7946497878074,663.6176978838935,663.6355219799664,654.5072710681641,657.0099601979033,648.704623475067,631.3580009122028,617.7787303864663,594.7768223086342,570.0922312742683,545.1196171606165,503.5719703472246,462.8268973159854,417.5551397595824,360.64900974242926,306.4595348967477,249.55323589206117,186.32904771566467,126.57123096893163,70.04751132470683,20.44735004510815,-1.8856482744823087
1147,47.08463891966645,46.22200834641529,47.104260192749926,48.44733669057557,50.79628842514511,52.54334368523455,59.541665538672575,63.92428762693978,73.92993170060934,81.87108252008082,93.4190317407172,106.00010898274368,121.38495882804112,134.3954506926488,146.327682498473,157.60723700180603,171.2245415369612,189.0153221833091,204.35443786487826,220.36486544637262,241.9104884189131,264.2530458351149,281.98017507220504,296.7294753891572,317.92730653838237,330.16559486126715,340.37515886688595,351.7112007603745,360.8824246059675,358.38591938285043,358.9618422605612,358.00459890440135,357.74395497328345,351.5166447085728,342.0041645939535,331.557722346119,321.86309024497893,319.7879909584771,312.36448248628034,311.1203714775129,309.06931071339477,314.47468734921176,311.47442169612145,323.6962767694078,334.1963513438179,346.1371761791258,362.2082954504043,371.72525069807347,374.24643415571853,388.5585371547059,389.3001724862086,402.3017987847381,412.70695847632703,419.76601240604487,426.399421708,441.2902052476868,450.3887551455446,453.9848098729166,473.5219540480017,480.4005443356613,496.15121505712943,513.4044244417694,522.9097544788863,546.6564803469752,566.6503708590708,583.5818727866068,606.7394518381132,636.1404093665161,654.8270851553559,687.5778717704657,701.1522068571215,730.8429797571292,753.0779397511991,781.3860930983011,801.5869409482449,826.2647084741208,841.4205844249338,862.882095375567,878.9936907868109,892.5156208317065,906.4634115563815,922.9586021773505,928.4025560172495,941.3638686897491,948.965005818195,947.4248890125729,943.0513546981512,931.6220819496115,920.5387260941249,897.0493979819328,865.3979135024009,818.9095706435114,764.9820841185033,688.9478034629975,601.0948653822584,500.47596650086336,390.31710611188294,263.7342307539065,142.9046043098746,51.66630629334223,12.640894145074524
1148,61.05769447425331,64.61907292227676,72.7983692263715,82.94322903799063,94.44453718993563,109.23711253783499,129.03194562339456,153.3782994925684,179.95228868531024,210.0616731813443,241.9660027812926,273.31826869033364,303.47924164068115,334.84546851693574,360.59079181438324,396.17868643734397,427.8569252097683,458.8174061004386,498.022444599337,542.1736092661405,569.6579077470228,601.9866259202624,620.878509225254,638.031300357686,644.2106801264206,650.5717234098164,660.6175751858209,665.1068212182506,661.2992860282143,653.7329966567012,645.4839595072821,635.9811200832921,625.7607392544676,622.7577580008627,611.4609937278556,616.6972765413448,616.4727938555632,614.4953639863508,615.961419110144,618.9009965347732,629.3154579387252,631.4372364862195,643.7004981278453,648.5155379300872,663.17367148429,671.2148300070041,675.923282754412,681.9462018470425,687.7638223759994,687.3319535290066,692.6989161730756,694.6497298826224,698.8422259302613,702.92276060966,710.0832434802741,704.725020085616,717.5382568885352,717.7560081967101,716.0009200960517,720.9246400539589,729.8508366467041,739.8143327871454,751.2378574295352,760.4713023758345,774.4916307473675,783.8983532372347,801.0448665469535,812.3239510072242,827.7878679916175,836.3575818522146,847.9052304835222,855.4844468069986,869.8812738846767,873.860303935171,884.8809552966733,902.2185508671298,892.0305278035402,908.15650429433,904.4792684701632,912.0126784667219,904.3191076242471,905.8126441055788,884.6964990741862,889.268982597856,872.3482682973352,855.8978463455991,832.1773994798549,821.899553324227,783.9964101937705,742.9400437455383,700.7179566627553,649.9947204193927,589.226061654983,521.4320144254124,455.9407628472615,380.6490438466791,292.1434203215825,197.5812919652469,114.49949544187297,42.81389770471889,-0.26003896490110734
1149,46.27242966046809,46.633275081826376,50.408565009560434,55.002395392033456,58.14420890829671,70.29408163519751,78.8540040286631,93.69850011602355,110.1992667070607,126.81720122186562,149.44561257637764,176.9022008341758,203.4646743811443,233.93050638876142,262.3162845101806,291.9796888908295,314.9897883802864,345.19653011010325,375.2748930204194,406.264538390952,434.74192544946305,474.62084443683284,504.21332034678903,542.6085714347158,579.1493078323231,618.6917192427339,645.8683565396849,672.9333957859548,700.3357147180424,716.3929677956853,734.0686015416869,736.9906085617135,737.3342766441957,726.0322925178504,712.1455807668029,695.2146103405918,671.0586359186696,656.1721358904372,632.7899527844398,617.5410182958973,600.5963154175778,599.431163728692,599.4421278577933,607.1466211661948,621.6735650124772,636.6008887305084,644.4760012238476,661.8914468495901,676.1220121842096,681.7510998107625,691.8483861183377,699.7687880320553,708.11426835128,719.8915903697398,730.3943921272853,740.3687728989669,749.553945962846,762.952560139471,778.281766579264,785.7798471741128,800.136252697526,815.4221778956638,830.7574760655014,849.6409082629218,870.045883217879,889.1036510265321,909.8241839116506,924.4052135164768,942.4976784689866,971.19106332473,1001.7135190271566,1027.7994898782683,1056.426420396884,1082.939423678856,1106.7890554167477,1133.8831322841188,1162.4158969021828,1184.4179347271418,1201.4430130631688,1212.986359571111,1232.1422248564736,1238.644825763913,1252.9850328466994,1249.012178300305,1250.357322386903,1242.2864518309884,1228.799736136117,1214.1312230276706,1181.2922518464725,1143.9431294180204,1092.304475167352,1032.970326538273,956.2676284925952,859.9681044460743,730.4185775169932,582.0270191084003,407.44915696491154,249.0845396503213,129.93805018668226,31.75703858108049,-7.6564444932223354
1150,67.69880615197062,70.62891120123837,73.63867076412494,77.22382263743837,76.37252706487628,84.40589692220082,91.42323252579693,98.50558663412292,107.8182105574026,121.9853034333269,136.5708493377608,158.05658689979253,183.46700965054683,215.19257469031135,251.29993613995168,287.14138982247096,318.6378858174102,349.71887578826943,376.25949592273656,399.9504856869325,422.9138033987627,451.523284629911,475.6268243982161,498.3932919873838,530.7158185330593,554.7132771598333,583.1287837671925,597.680139177415,621.3188365260015,631.8941510927672,636.7057947835642,627.7583500829178,623.877681481673,615.5249265602833,613.0428269066917,611.1567057609049,603.9428521135071,589.9483027337827,583.0522607481518,568.9836984781091,566.2395873078884,568.7314765430016,573.1970380042756,587.5622898915207,603.4931538872282,632.5313965082349,652.1608806632096,666.4601913767093,675.3884822048263,692.6421527711944,697.2293434606146,706.9000578227644,720.2829696990362,735.8538657876862,751.9168962586953,764.0733995122099,778.4131855993195,780.6571232514634,786.7356417668319,796.0778880658531,799.1448765429451,816.0738228216395,827.1864041686949,825.0269657399579,834.3644597746097,825.5884335023935,841.9762095143909,848.063211370459,860.6443742622712,878.0002843547917,888.2631404337029,900.0892367347003,917.9080862543555,940.8767913006449,955.0205060588412,976.1599429923336,984.8912031202043,994.4236327737335,995.9558610102853,1004.9664498746413,1011.730605353476,1014.1649875893567,1008.2023497026671,1003.5365790742788,1004.5547745586034,995.4120284423552,987.3830994929175,964.3631382189712,943.2563568786661,914.2743539002569,867.6240881331793,795.7237309080239,723.6797159194458,623.9362168085026,520.7158107730321,396.80257305721165,270.0708125133558,145.2050458419963,41.417563520767665,-18.13290430142018,-29.028211341892614
1151,106.91120047889635,108.78980117107602,113.57213545907928,114.16423874746847,116.89217255652781,121.39966335447666,127.87368280098141,129.4809959674729,135.2250562116854,143.65683059812685,157.55377622865203,168.45051357940704,179.80961634175588,199.16510410729146,215.42878867569607,241.981353039815,267.1692348874631,293.80381150856465,326.99586100704545,353.51030458761653,398.4585722398635,439.56070267329164,470.35070077672634,525.259260891346,561.3094796222395,600.1998978035305,652.344030842152,692.7469115866281,734.9071233802929,761.1746960905238,778.4324593989325,801.2714488922788,817.0671734612504,823.3336682488199,825.1933630822202,821.5331385045291,812.4368680219736,800.5183316377274,799.8123642527332,793.8141822149073,796.2904633159669,787.1713021423703,787.071436378299,798.7265875963749,805.4953560658918,808.0947988212695,826.3621964645326,832.1696312776088,848.6657176136903,860.2878358399349,876.7235086359323,894.1675428731162,908.5567257300786,913.4916097264482,929.1285364651645,939.6078430935755,958.3848678536497,962.1409569178467,973.22394508244,977.2984632254181,984.5455695966632,992.3725701809642,1000.9470434150795,1000.8908407916854,1010.3775740147848,1009.7547523118926,1006.5420747421032,1007.6477045322566,1009.6963337632561,1013.3744713385596,1013.7757697041704,1018.0498146067903,1017.7807894274546,1020.1989556712131,1025.416274447276,1029.6291658118937,1030.2971806306543,1033.6581991562916,1033.4643549151122,1039.4455833745885,1030.4113170583219,1032.8778275260786,1034.0457682700146,1032.7874204457507,1023.8465287843982,1018.9802576450326,1000.6019274835437,979.7702362042975,946.6249799564586,910.0108582152556,860.460739928109,800.6486177906455,725.2589795533951,636.4655437009852,541.2773131669492,439.50977833382996,324.5111109838676,206.33591237087492,89.3173552564667,12.829584402369392,-28.059148608093057
1152,39.05263892672212,38.998241036804224,42.73704236369101,46.429280248470384,48.75066036756099,54.26510034207179,55.37156044800856,61.27620658327365,66.07986749513987,71.66759965679643,76.54339312914485,83.60634094696093,91.56959468501972,98.24382751898116,114.32938821643548,125.74074421403387,140.2784305104241,157.13075427014584,177.68104050018326,196.0522677498422,218.47204045944443,233.79735899358053,261.9497546407294,280.0763547521236,303.9761480873389,324.08712611946254,341.30213301130726,355.97976246384985,376.8574495786545,383.56614789177416,391.16537658164043,400.08655541222055,402.57942804578147,403.4397479988937,404.0185321894681,398.9852673103796,400.96657677558403,399.50200100939225,397.0620908436134,392.20442284784633,390.61928186980197,390.6767432135964,386.5539306160376,385.45878621006096,379.2240821164727,377.84014359226313,385.76614683079237,387.3122525331321,393.36876170803106,397.264708870676,398.08123653478407,402.4239100798456,413.46409149528876,422.49757697014326,433.5267519145237,451.37589767373476,462.6797355763297,478.60394488407366,485.6720237950598,506.0804914590882,515.8022825725486,522.8100334339163,534.5418562421828,548.3323748405762,562.8596451862278,572.5919081219691,593.1038352477239,608.45900999446,627.911190365831,640.3927520308913,656.9909855615651,666.8009816073582,676.9299304302066,692.5040945581281,705.0183259958858,710.4421541151636,717.499465892978,730.7345495886791,738.2436933281465,735.3784525765102,741.4521470650652,739.7102289355121,741.7840865649756,740.3193136518526,740.9355720902012,732.1167151342387,723.6998194853079,709.7922070675814,688.9612581552614,668.1543580566679,634.9743574663994,598.3965287606163,551.6472521741583,494.56788296193366,421.7581059784834,340.35545572598664,252.3552513067567,182.1774050320719,109.26191719864228,31.60324778839512,-7.840761330448514
1153,46.20223260734824,48.76822554413664,47.92668367206234,48.45070019876784,53.417401669450285,56.199099286646394,58.146116489748096,60.543476583958835,65.23907564720075,67.22703277487676,71.89553380625706,75.52499767645502,78.85487780782952,86.7249667378823,94.74282907537614,104.84753329071192,111.90561053746924,117.53976848495925,144.20730038826892,175.69105446075656,208.40932467374273,240.3822134989454,266.99367611512156,299.6338969254111,317.08286033244025,332.48191349725255,359.97811379295064,379.3854957317716,393.3477426817175,400.09042505232543,409.8303701073243,409.6170089882449,404.3331133836818,407.086706238217,404.6904175846626,405.7083646111434,406.7432420460601,412.7377252233042,421.6223973773033,430.00587321465923,434.40058270051685,446.67128724224654,454.9913579374497,462.86248255799944,474.60456125712267,487.4388039292784,493.6736444637843,503.30091022808307,516.8269238939635,519.4901782961156,528.7429280302916,532.4427441313833,540.0559068603367,550.1244226263335,560.120150921285,574.0873906701227,586.7683460316476,596.5653382796199,610.9322011273819,622.2310071099567,637.037538589677,652.4539778194893,665.7421908317306,679.9878214740068,699.2171692909491,720.4093543387002,731.4028147850562,752.3657966352685,778.272347430199,793.1599738438439,819.6771128788037,845.1517455846098,870.4153182820095,884.2403608247863,911.5833163006241,922.5930533087044,938.1309790822091,958.6308979989268,962.493399130766,984.5973198341762,987.3133323327488,993.2159034411729,988.8290438780591,992.4488970930836,985.6728972072005,975.8359696596115,963.9682617468891,944.490225636717,902.1614337029013,867.1675162524083,812.2879421353475,752.856945880744,685.859531748417,601.8638531777297,510.0938994658451,411.0620728326633,310.24800234702263,213.43517300875945,123.1844022795422,26.333847068179438,-12.161466614198822
1154,127.66072979465115,131.12464177887844,134.7442953396884,137.54707008299195,142.41986719724423,147.59707327895964,156.28667295936583,162.93244574819246,173.43346662761957,183.8300060034269,198.8254116406341,213.12350886915561,229.29039326973876,245.06556618524786,261.3784994504397,278.88665458335106,294.50491175237846,322.0050877556365,340.2667869459878,361.50682208713175,381.05476378429387,401.2788148567172,406.2399958501624,430.91971021341436,443.0280594720404,463.32591078650603,478.5954090451084,492.79521527193,500.929558443725,501.14968878642884,494.27612185922976,490.7706651188028,478.25218836661264,472.18421088051446,447.24900415534825,426.0953863810212,412.13139751940986,399.5084041359707,379.70828135130904,365.4883054993117,353.36886848787077,346.7309618648835,335.9502235603951,333.74590098915394,328.88289619373376,325.47612774748865,324.0896603197746,322.88097190935144,321.5144183551849,323.76958473981887,333.1551882149578,340.3642662102939,342.96643746645327,349.00626501166954,357.7954512235293,365.3069772714888,366.81879781932577,386.60667004768544,392.24057587131875,396.65215189271333,407.77975626266516,418.13636704156886,422.40725691243824,439.0788104195645,450.1363550533366,468.44142407864535,480.08155166958585,490.18736818429363,513.501539138683,531.5940712711108,544.0450798406151,557.2076597448312,585.4373483419765,593.2011847644326,612.1810039757145,630.8780570225993,643.5150008366326,653.3730341329506,668.2033416812675,678.3956225470972,693.9320647056751,694.3133096200255,706.8504802137206,706.6279279845827,712.5152933527681,714.621673804473,712.3911705612186,709.7766418268736,692.7480948733373,683.5742262321053,667.6302871166027,633.710971388114,593.8104768932544,551.6548441386988,494.4228527063501,416.127492424486,318.4919438822587,209.50566335989973,110.8417915819406,40.2686393539192,-0.6904853034599603
1155,82.16130979807255,88.47931265692742,97.72215368576703,113.97601375994702,135.40641801218442,163.4466981430857,196.80008480429453,233.28208799370216,271.24829307755243,316.8964767947223,357.8172368409247,393.96840287143624,427.7541510788974,461.3640381024085,502.9259121188493,544.325719002108,579.9494873197324,616.9628750135786,642.0471323006053,652.969669540096,661.3733010315025,664.8289629895079,661.8331592614178,654.9040076071641,642.0577784869397,634.6728316015842,625.0469510282439,617.0073370028663,605.6488439285098,596.6973367423901,587.2337773429449,587.6305783952705,589.5324090312585,592.7284720671748,600.006180597722,603.496973981686,612.8166817396517,622.4766395829051,626.9351046895248,639.5834644566017,647.5761856132449,652.9964745973883,658.7416913523499,666.4396612300282,669.8781432026173,672.19575989995,676.1528443630208,676.0108358776721,682.3887536604926,679.481715235427,684.7497350385509,691.06276508868,681.2406646918178,685.5855527711005,680.7367946312127,681.5747759274984,683.6171045875911,686.2876146980119,687.1928498604083,685.7876778606602,677.0757730645743,681.082543873313,675.7044668851561,671.1564617921757,678.2357776112121,676.7877036053209,686.6831094442962,697.9404382774898,706.9831111809489,720.9437152294954,729.0470151901894,744.0756166497905,761.2799027987564,771.9502867434745,776.2027041086983,782.8838986262928,800.4978328235482,805.8104481453751,804.1407153914181,805.4753679301441,812.4069929267512,806.1355555924392,807.2238384395187,805.6976498495397,787.0685141612959,783.1904524582844,756.0836052356634,737.297677909041,707.761826664818,670.2825158803104,622.9531908038541,561.5137584834447,484.9683703359153,398.0872309296026,319.0467205159492,227.1002267413336,140.80903090628584,58.31237911513749,-0.6297223178669435,-20.090908435876692,-20.024187123736354
1156,118.85064280110406,122.76174375870839,127.54244177859961,134.36445879365203,139.24774254726302,145.27823940550658,150.95314180982075,159.05676757194453,164.85362050988718,177.11936793164173,189.42272308743162,200.43949799305756,217.09998992715302,234.77160558623484,260.0565646299283,281.9214957432448,313.9827870627705,333.80822437729074,359.5546580637979,378.02384071873144,398.72351056789057,425.59576114017386,435.88838042418644,458.1880484689949,467.89403473059434,471.40397702722925,483.7205274394751,479.58421908881405,476.3781574884443,472.0726776945066,465.5999647800896,464.3734211711462,455.14572467317856,451.0260645540837,449.1440078090663,447.15199328026364,453.8836254698584,450.8762240606235,460.15367406077866,459.56457690359514,472.1548828285144,482.2251829023188,489.43084932399904,494.0073085394417,505.22145992334856,508.9031889556106,516.5546508884673,526.1355275890621,529.4085860518684,542.5339880141839,555.729674705481,570.1892683803674,593.6922749616091,602.9739291650291,625.677057568013,652.7015240958859,666.7474624203338,694.8872025525102,705.3324247974184,718.8826424972987,730.1155957425085,739.4026795261738,751.3668836485155,763.287884189856,770.9950238756069,783.7366196064877,791.7943026680155,798.7404478133517,815.586597262485,832.3664212281373,843.9419001560498,857.2539880543263,870.1959560348032,875.8660377568546,885.9451282398935,895.3569026149894,898.5542162192236,901.8436626984208,900.7097085415348,901.7855489423044,902.2633435194778,897.0926579122622,890.4356352120911,882.3546118877582,860.9034603572694,843.8111527517962,817.6966016329698,785.0442145923777,748.6423285091809,698.9965739032695,645.0186671115064,582.1019795817166,519.2625795992711,429.6970235172754,336.87889536092916,244.0498982005914,168.5391574840004,108.0109478827861,57.1188246384641,1.1680722715301872,-27.61569779866347
1157,115.22051297485564,126.79167233260145,141.60440844212192,155.59647201094012,174.08066141630528,195.03741157226784,216.8724979564489,238.8456031814595,266.08010326563806,291.46512164945597,315.68608594075187,342.048677692035,371.40076463035393,394.54820824210026,426.0592831231232,456.1504877707451,486.5385288690664,519.8701850722209,547.5327420328201,573.8284387598067,592.8944608776711,605.333455987243,613.714146980615,618.7853633249362,611.4555035997165,608.8618049967018,606.5504527540795,610.7778522907771,613.4376425900832,605.2437674475049,593.817331676547,584.4025223973539,567.3561070523357,560.3746234223786,553.1725674946274,552.332047020776,552.3549215016494,551.1024644127274,550.4234694848494,555.6152708365239,553.2762479988826,560.2605813603733,562.3498011951117,574.9175166343095,585.4763036317145,592.4455959635253,594.9284923509999,606.0175229059153,608.935399213612,616.443115163964,620.7185199307202,626.538973614979,626.9795602292078,642.004316421358,642.4669037008688,653.5953441770806,660.7421066356563,663.6851776830474,676.6525605027001,685.7166737265195,698.528529620543,719.5070749306631,733.5519159066833,760.7185026936369,775.2033707888651,794.3693765805505,814.2503000428186,832.4849144595171,847.1869531688616,870.0450280040544,892.693552215418,914.7764394031982,925.4798066239078,946.2936828786434,963.7246396771354,979.5885847096786,989.929322018935,1010.8073175492467,1013.4462650170374,1020.7347096521711,1027.924648913125,1027.4997039137616,1019.3485158896862,1014.6573461334391,1010.5354024599595,994.3078077315752,961.9182214690412,936.4433218489921,899.9260632608539,846.4164140244034,788.3308954996319,703.147049363833,611.9392701749873,502.5507520912659,390.72245221676906,280.9735802258228,190.0115168529732,121.56132594004946,64.32766108173384,22.647121096652324,-4.852815483510687
1158,35.98195875849325,37.60441513748364,42.80174476368261,45.54180761046841,49.7701047803987,58.003069108162826,63.403193156656954,73.6648094994281,83.31860996715567,92.84006204405118,105.3419669955049,120.8084451274768,135.6837959005773,151.20244616844184,164.28611149704315,181.28816915055373,205.70703112097866,233.43762662360655,256.79898556986825,285.5350501796891,321.43716253904745,352.4134027896118,383.45429081351745,403.0017657226838,408.11050210569476,416.24728382252243,416.58868780914423,410.4625386096364,403.88061673853053,393.7125809868023,376.20739744609097,360.0635697422955,344.7902407902298,331.4954388941513,315.6654273805069,309.74744265501624,305.3504040551573,296.1870119450377,296.9420680377861,297.79207208028754,298.383265379045,305.993859820598,306.7421481169688,314.8141692650297,304.33628218212823,310.558207375327,303.31231087008126,301.62456402759955,289.20026763451705,279.28954516328554,272.78759580818166,267.60987075135967,258.34022241381496,252.1684705112064,248.0687394914998,246.20743817230243,243.20869804568946,251.36001305267763,243.61328258137388,252.32334476140664,258.7201697636752,265.61656536258266,260.67886971652433,277.00464767203823,290.94035540401785,291.1751484181396,306.225648934971,310.3723657276583,320.9322056007153,333.23515548617905,353.05366657822975,366.85530913404995,376.976093287504,393.67581568712717,395.2071960087752,418.914815675075,425.2287495913597,430.0872592739076,439.2124341991237,445.8321527682374,455.62934995538166,459.1280103577339,463.61871153461885,461.27693392091476,460.35595414468645,453.7450019781467,449.02500811508605,433.46774030884615,421.07348414276277,402.45419523945617,382.1552307558009,350.1058564429187,315.5918260840771,268.5387579555562,227.48194234993784,193.0575292993879,146.8096899954575,88.4295761793923,23.971522613406922,-24.263956599465857,-30.63759125084789
1159,105.3562044365012,107.42447404643647,111.20106588203242,117.11307419137364,121.45436233722727,126.41733091520547,135.79776715462472,141.2349888826657,152.80773525957883,164.02556367016922,171.1876526917635,180.17542239514532,188.5928180124909,198.5306217935781,209.70716351299367,216.80840308034746,233.7989554321011,244.63823146678763,254.80726556541396,263.3801300397451,273.9122660361278,284.05466628037044,296.83583997656234,314.0345567599443,312.77937460292185,327.28980072300493,336.742515727779,344.07879547732443,352.8021728405697,355.35861880887757,361.3877328613753,361.36885825604054,370.43059710591336,376.5078314472818,377.96080731228085,384.85189344695755,384.0093922608994,382.0074909547679,377.73287579526357,382.4149010094723,384.4398845535784,385.765929796823,382.6993367546339,377.2037146216029,373.3606200955271,376.05734022114467,374.97204587129227,376.392921833397,373.68034869700307,377.196421556455,369.74822687210224,367.40672925320183,374.6788047216643,365.6891206118052,377.0775251695004,378.7135892303997,374.85120940849686,384.0650538350533,399.1773288768766,397.4604427377357,409.8735528801672,412.1125904377976,421.7268459536998,439.74317756656615,448.97783544093613,468.08218884861225,476.90734834115824,505.8782040879281,527.0181837348025,551.0300026258714,578.7242337691098,598.4635050852816,620.632893217888,650.0723068072751,676.8027128846253,689.6828052317873,708.8818753939566,724.9756023317576,739.0847303636857,754.157377097701,755.613550106161,759.5770909396808,769.0984093511314,773.5271830518415,769.6923044519502,765.7711944346536,756.7422907659022,745.9209996077678,729.0167766280236,702.4551031186882,676.5586625799498,632.7069900419757,576.0933050126337,512.1729795562943,439.8104962470815,354.679461343834,261.2264486890313,174.7713048365026,90.27598188784515,16.652633015033473,-23.2772847508418
1160,128.6854600299182,129.5994321143463,131.91200018710285,135.62569153019254,139.66300369354667,147.35364530833644,158.05446121959642,171.16255564954545,185.66930077792776,203.56214245987823,220.3945608268241,237.24635758871173,257.33649078205815,272.36903154670006,290.79763613657053,302.8646351955249,328.8632591686692,339.50291047095953,366.82848741055795,387.8951968890652,416.5662591900366,449.6008867774469,485.8640595847274,518.8558327389743,540.041149704871,552.4272336371798,565.4428049604338,563.2812993386574,553.2755591429976,537.7013161018209,523.5137006381696,491.69906088690965,466.35866802401057,439.6939442231331,410.97059384856493,381.95093238349915,362.1970170810427,347.95425568341005,336.9336910539416,338.1956497119406,334.4753974076285,343.3157340339537,350.4468823558666,354.9061925896428,359.5632989825134,364.5986339436531,365.844958848132,367.16797475771114,367.1529110065842,364.9217371743458,374.3180870338852,378.8559818216272,398.12822649881065,428.9561120550437,457.8793643941929,487.1448572325433,499.52929398671046,519.7688752515742,536.7939383337311,539.594488431783,557.8670801938564,563.3009737870331,594.5031634524604,614.3938318809353,636.1604121195918,667.6364341753712,701.3769583661414,725.0404289302437,751.9218816363846,787.9021772949757,813.163951725192,838.6125433299486,848.4085164312562,875.5277798658707,891.8508947516127,898.2171919614385,911.6073783710073,918.2509869747712,926.491426055025,940.4931504650609,932.2933951025051,932.2858784311069,931.3209551751384,921.9959237724709,912.0434171494339,908.2010361494608,896.1564211010598,877.7518191715834,854.5887883782011,814.0671968144774,767.3755649177925,717.9778474641246,652.2529075527315,581.0680133233102,496.0006626711832,411.1481281478391,314.93350825785797,218.99523528348695,119.67228911156161,38.13164735978648,3.3486479903049964
